Workbook

Sheet Archetype_DB
A1: Build Name ▲ | B1: Position | C1: Height | D1: Weight | E1: Close Shot | F1: Driving Layup | G1: Driving Dunk | H1: Standing Dunk | I1: Post Control | J1: Midrange Shot | K1: Threepoint Shot | L1: Free Throw | M1: Pass Accuracy | N1: Ball Handle | O1: Speed With Ball | P1: Interior Defense | Q1: Perimeter Defense | R1: Steal | S1: Block | T1: Offensive Rebound | U1: Defensive Rebound | V1: Speed | W1: Agility | X1: Strength | Y1: Vertical | Z1: Season Index
A3: 2-Way 3-Level Scorer | B3: Point Guard | C3: 6'4" to 6'6" | D3: 180-214 | E3: 70-77 | F3: 71-80 | G3: 80-95 | H3: 25-57 | I3: 25-38 | J3: 85-92 | K3: 85-95 | L3: 65-99 | M3: 50-80 | N3: 75-83 | O3: 75-83 | P3: 45-70 | Q3: 85-95 | R3: 56-91 | S3: 40-74 | T3: 25-66 | U3: 50-55 | V3: 88-93 | W3: 79-90 | X3: 50-67 | Y3: 60-80 | Z3: 1
A4: 2-Way 3-Level Shot Creator | B4: Point Guard | C4: 6'2" to 6'7" | D4: 168-230 | E4: 70-83 | F4: 70-90 | G4: 25-93 | H4: 25-60 | I4: 32-51 | J4: 85-95 | K4: 83-96 | L4: 64-99 | M4: 61-85 | N4: 83-93 | O4: 75-91 | P4: 40-80 | Q4: 85-92 | R4: 55-89 | S4: 35-80 | T4: 25-70 | U4: 45-80 | V4: 75-91 | W4: 72-88 | X4: 45-75 | Y4: 56-83 | Z4: 1
A5: 2-Way 3PT Playmaker | B5: Point Guard | C5: 6'2" to 6'7" | D5: 178-218 | E5: 64-74 | F5: 71-80 | G5: 26-80 | H5: 25-29 | I5: 28-51 | J5: 79-83 | K5: 88-93 | L5: 66-99 | M5: 87-92 | N5: 82-94 | O5: 82-91 | P5: 44-60 | Q5: 85-91 | R5: 56-99 | S5: 35-61 | T5: 25-70 | U5: 45-57 | V5: 85-91 | W5: 77-87 | X5: 50-81 | Y5: 56-70 | Z5: 1
A6: 2-Way 3PT Shot Hunter | B6: Point Guard | C6: 6'2" to 6'7" | D6: 168-207 | E6: 63-85 | F6: 70-83 | G6: 25-81 | H6: 25-51 | I6: 32-53 | J6: 77-84 | K6: 85-94 | L6: 60-99 | M6: 60-85 | N6: 85-94 | O6: 75-94 | P6: 35-78 | Q6: 85-94 | R6: 55-93 | S6: 35-78 | T6: 25-62 | U6: 45-70 | V6: 85-94 | W6: 76-90 | X6: 45-84 | Y6: 60-83 | Z6: 1
A7: 2-Way 3PT Slasher | B7: Point Guard | C7: 6'1" to 6'7" | D7: 165-230 | E7: 64-83 | F7: 70-85 | G7: 60-94 | H7: 25-60 | I7: 30-60 | J7: 75-84 | K7: 83-94 | L7: 60-99 | M7: 60-85 | N7: 83-94 | O7: 71-94 | P7: 30-82 | Q7: 80-93 | R7: 50-93 | S7: 30-78 | T7: 25-75 | U7: 40-78 | V7: 80-94 | W7: 70-90 | X7: 40-81 | Y7: 60-85 | Z7: 1
A8: 2-Way 3PT Sniper | B8: Point Guard | C8: 6'1" to 6'6" | D8: 178-206 | E8: 68-76 | F8: 85-88 | G8: 25-80 | H8: 25-30 | I8: 31-46 | J8: 82-84 | K8: 92-94 | L8: 68-80 | M8: 65-87 | N8: 86-92 | O8: 80-91 | P8: 39-77 | Q8: 85-94 | R8: 60-91 | S8: 36-68 | T8: 25-35 | U8: 45-57 | V8: 85-91 | W8: 76-89 | X8: 47-74 | Y8: 56-70 | Z8: 1
A9: 2-Way 3PT-Creating Cleaner | B9: Point Guard | C9: 6'6" | D9: 215 | E9: 65 | F9: 80 | G9: 80 | H9: 40 | I9: 42 | J9: 79 | K9: 89 | L9: 65 | M9: 77 | N9: 86 | O9: 80 | P9: 78 | Q9: 92 | R9: 67 | S9: 74 | T9: 74 | U9: 80 | V9: 86 | W9: 80 | X9: 82 | Y9: 70 | Z9: 1
A10: 2-Way 3PT-Sniping High Flyer | B10: Point Guard | C10: 6'4" to 6'7" | D10: 190-211 | E10: 65-84 | F10: 62-80 | G10: 82-89 | H10: 33-51 | I10: 27-79 | J10: 77-84 | K10: 86-94 | L10: 62-91 | M10: 53-81 | N10: 70-84 | O10: 73-83 | P10: 46-79 | Q10: 85-95 | R10: 63-92 | S10: 41-62 | T10: 26-67 | U10: 50-75 | V10: 83-92 | W10: 83-93 | X10: 51-83 | Y10: 75-86 | Z10: 1
A11: 2-Way Blow-By Bully | B11: Point Guard | C11: 6'4" | D11: 214 | E11: 60 | F11: 70 | G11: 75 | H11: 25 | I11: 32 | J11: 73 | K11: 83 | L11: 70 | M11: 82 | N11: 81 | O11: 86 | P11: 53 | Q11: 96 | R11: 85 | S11: 46 | T11: 35 | U11: 56 | V11: 94 | W11: 90 | X11: 82 | Y11: 75 | Z11: 1
A12: 2-Way Blow-By Dual Finisher | B12: Point Guard | C12: 6'3" | D12: 213 | E12: 73 | F12: 88 | G12: 87 | H12: 32 | I12: 34 | J12: 73 | K12: 78 | L12: 77 | M12: 84 | N12: 86 | O12: 91 | P12: 43 | Q12: 91 | R12: 85 | S12: 41 | T12: 37 | U12: 60 | V12: 91 | W12: 83 | X12: 73 | Y12: 75 | Z12: 1
A13: 2-Way Blow-By High Flyer | B13: Point Guard | C13: 6'4" to 6'6" | D13: 180-210 | E13: 66-78 | F13: 75-81 | G13: 86-93 | H13: 37-64 | I13: 44-60 | J13: 80 | K13: 75-83 | L13: 58-77 | M13: 67-85 | N13: 86-90 | O13: 85-86 | P13: 67-83 | Q13: 91-92 | R13: 77-79 | S13: 55-69 | T13: 37-70 | U13: 55-63 | V13: 86-89 | W13: 74-84 | X13: 57-73 | Y13: 75-80 | Z13: 1
A14: 2-Way Bully Laymaking Cleaner | B14: Point Guard | C14: 6'7" | D14: 230 | E14: 80 | F14: 90 | G14: 47 | H14: 32 | I14: 77 | J14: 68 | K14: 78 | L14: 70 | M14: 85 | N14: 86 | O14: 81 | P14: 60 | Q14: 85 | R14: 60 | S14: 74 | T14: 55 | U14: 80 | V14: 85 | W14: 83 | X14: 84 | Y14: 77 | Z14: 1
A15: 2-Way Crafty 3-Level Dimer | B15: Point Guard | C15: 6'7" | D15: 180 | E15: 77 | F15: 85 | G15: 77 | H15: 48 | I15: 80 | J15: 87 | K15: 85 | L15: 78 | M15: 91 | N15: 81 | O15: 80 | P15: 71 | Q15: 85 | R15: 60 | S15: 45 | T15: 72 | U15: 78 | V15: 80 | W15: 78 | X15: 72 | Y15: 72 | Z15: 1
A16: 2-Way Crafty Mid-Range Slasher | B16: Point Guard | C16: 6'6" | D16: 210 | E16: 77 | F16: 85 | G16: 87 | H16: 37 | I16: 41 | J16: 92 | K16: 80 | L16: 88 | M16: 76 | N16: 86 | O16: 80 | P16: 60 | Q16: 85 | R16: 73 | S16: 75 | T16: 25 | U16: 50 | V16: 83 | W16: 80 | X16: 71 | Y16: 75 | Z16: 1
A17: 2-Way Disruptive High Flyer | B17: Point Guard | C17: 6'7" | D17: 203 | E17: 73 | F17: 80 | G17: 89 | H17: 40 | I17: 43 | J17: 71 | K17: 81 | L17: 81 | M17: 39 | N17: 64 | O17: 65 | P17: 80 | Q17: 92 | R17: 85 | S17: 87 | T17: 37 | U17: 62 | V17: 90 | W17: 88 | X17: 78 | Y17: 80 | Z17: 1
A18: 2-Way High-Flying Dime Dropper | B18: Point Guard | C18: 6'7" | D18: 189 | E18: 74 | F18: 75 | G18: 94 | H18: 49 | I18: 52 | J18: 34 | K18: 25 | L18: 45 | M18: 92 | N18: 82 | O18: 83 | P18: 80 | Q18: 94 | R18: 80 | S18: 84 | T18: 77 | U18: 80 | V18: 83 | W18: 80 | X18: 73 | Y18: 88 | Z18: 1
A19: 2-Way High-Flying Slasher | B19: Point Guard | C19: 6'6" | D19: 185-205 | E19: 73-84 | F19: 73-81 | G19: 87-93 | H19: 37-43 | I19: 40-48 | J19: 70-75 | K19: 80-83 | L19: 55-79 | M19: 75-85 | N19: 85-90 | O19: 75-80 | P19: 50-73 | Q19: 85-95 | R19: 61-85 | S19: 45-74 | T19: 30-74 | U19: 55-75 | V19: 80-91 | W19: 76-83 | X19: 51-64 | Y19: 70-85 | Z19: 1
A20: 2-Way Inside-Out Bully Slasher | B20: Point Guard | C20: 6'5" | D20: 230 | E20: 74 | F20: 85 | G20: 92 | H20: 38 | I20: 40 | J20: 77 | K20: 85 | L20: 89 | M20: 76 | N20: 86 | O20: 86 | P20: 60 | Q20: 85 | R20: 73 | S20: 68 | T20: 32 | U20: 55 | V20: 86 | W20: 80 | X20: 85 | Y20: 80 | Z20: 1
A21: 2-Way Inside-Out Creator | B21: Point Guard | C21: 6'0" to 6'5" | D21: 199-205 | E21: 83-89 | F21: 80-84 | G21: 74-89 | H21: 25 | I21: 39-85 | J21: 80-83 | K21: 83-92 | L21: 70-78 | M21: 74-85 | N21: 82-92 | O21: 86-91 | P21: 49-50 | Q21: 88-92 | R21: 59-85 | S21: 39-42 | T21: 36-62 | U21: 44-52 | V21: 88-91 | W21: 79-80 | X21: 73-75 | Y21: 65-73 | Z21: 1
A22: 2-Way Inside-Out Dime-Dropper | B22: Point Guard | C22: 6'6" | D22: 225 | E22: 65 | F22: 71 | G22: 83 | H22: 40 | I22: 40 | J22: 80 | K22: 89 | L22: 99 | M22: 90 | N22: 84 | O22: 75 | P22: 49 | Q22: 90 | R22: 79 | S22: 68 | T22: 44 | U22: 68 | V22: 85 | W22: 83 | X22: 73 | Y22: 75 | Z22: 1
A23: 2-Way Inside-Out Playmaker | B23: Point Guard | C23: 6'2" to 6'6" | D23: 175-218 | E23: 70-80 | F23: 75-90 | G23: 25-95 | H23: 25-50 | I23: 26-42 | J23: 75-85 | K23: 85-94 | L23: 75-99 | M23: 86-94 | N23: 82-92 | O23: 78-88 | P23: 35-61 | Q23: 80-91 | R23: 55-94 | S23: 33-68 | T23: 25-71 | U23: 40-56 | V23: 85-88 | W23: 80-90 | X23: 45-85 | Y23: 58-81 | Z23: 1
A24: 2-Way Inside-Out Scorer | B24: Point Guard | C24: 6'7" | D24: 205 | E24: 80 | F24: 90 | G24: 90 | H24: 40 | I24: 40 | J24: 75 | K24: 85 | L24: 63 | M24: 77 | N24: 80 | O24: 72 | P24: 80 | Q24: 85 | R24: 60 | S24: 64 | T24: 47 | U24: 72 | V24: 86 | W24: 80 | X24: 60 | Y24: 82 | Z24: 1
A25: 2-Way Inside-Out Slasher | B25: Point Guard | C25: 6'4" to 6'5" | D25: 175-203 | E25: 73-81 | F25: 85-90 | G25: 89-96 | H25: 35-45 | I25: 36-43 | J25: 79-82 | K25: 85-90 | L25: 63-88 | M25: 71-85 | N25: 86-93 | O25: 86-88 | P25: 35-51 | Q25: 85-90 | R25: 55-73 | S25: 35-50 | T25: 25-30 | U25: 45-50 | V25: 86-88 | W25: 77-83 | X25: 46-73 | Y25: 70-85 | Z25: 1
A26: 2-Way Iso Sniper | B26: Point Guard | C26: 6'1" to 6'7" | D26: 168-224 | E26: 70-80 | F26: 70-85 | G26: 25-81 | H26: 25-48 | I26: 25-67 | J26: 85-94 | K26: 87-99 | L26: 65-99 | M26: 60-85 | N26: 81-94 | O26: 80-91 | P26: 35-78 | Q26: 82-93 | R26: 55-95 | S26: 32-74 | T26: 25-65 | U26: 40-58 | V26: 85-92 | W26: 76-90 | X26: 42-71 | Y26: 55-77 | Z26: 1
A27: 2-Way Iso-Sniping Cleaner | B27: Point Guard | C27: 6'7" | D27: 219 | E27: 76 | F27: 71 | G27: 57 | H27: 31 | I27: 46 | J27: 91 | K27: 89 | L27: 99 | M27: 85 | N27: 86 | O27: 80 | P27: 55 | Q27: 90 | R27: 61 | S27: 46 | T27: 55 | U27: 80 | V27: 85 | W27: 83 | X27: 73 | Y27: 75 | Z27: 1
A28: 2-Way Mid-Paint Maestro Bully | B28: Point Guard | C28: 6'7" | D28: 215 | E28: 84 | F28: 94 | G28: 73 | H28: 25 | I28: 50 | J28: 87 | K28: 83 | L28: 84 | M28: 91 | N28: 81 | O28: 75 | P28: 60 | Q28: 85 | R28: 60 | S28: 74 | T28: 25 | U28: 49 | V28: 85 | W28: 77 | X28: 85 | Y28: 65 | Z28: 1
A29: 2-Way Mid-Paint Playmaker | B29: Point Guard | C29: 6'4" | D29: 212 | E29: 80 | F29: 91 | G29: 25 | H29: 25 | I29: 80 | J29: 94 | K29: 70 | L29: 76 | M29: 87 | N29: 86 | O29: 86 | P29: 55 | Q29: 87 | R29: 85 | S29: 37 | T29: 40 | U29: 47 | V29: 86 | W29: 85 | X29: 85 | Y29: 56 | Z29: 1
A30: 2-Way Mid-Post Creator | B30: Point Guard | C30: 6'4" | D30: 230 | E30: 82 | F30: 70 | G30: 89 | H30: 65 | I30: 87 | J30: 90 | K30: 85 | L30: 75 | M30: 78 | N30: 85 | O30: 75 | P30: 82 | Q30: 88 | R30: 80 | S30: 70 | T30: 78 | U30: 82 | V30: 85 | W30: 80 | X30: 85 | Y30: 82 | Z30: 1
A31: 2-Way Mid-Post High Flyer | B31: Point Guard | C31: 6'6" | D31: 230 | E31: 84 | F31: 71 | G31: 91 | H31: 41 | I31: 87 | J31: 90 | K31: 80 | L31: 66 | M31: 55 | N31: 80 | O31: 84 | P31: 77 | Q31: 85 | R31: 55 | S31: 74 | T31: 47 | U31: 57 | V31: 85 | W31: 86 | X31: 86 | Y31: 80 | Z31: 1
A32: 2-Way Mid-Post Playmaker | B32: Point Guard | C32: 6'7" | D32: 230 | E32: 89 | F32: 73 | G32: 29 | H32: 26 | I32: 92 | J32: 93 | K32: 62 | L32: 82 | M32: 88 | N32: 88 | O32: 81 | P32: 49 | Q32: 94 | R32: 64 | S32: 49 | T32: 55 | U32: 54 | V32: 85 | W32: 83 | X32: 69 | Y32: 55 | Z32: 1
A33: 2-Way Mid-Post Scorer | B33: Point Guard | C33: 6'7" | D33: 180 | E33: 90 | F33: 90 | G33: 79 | H33: 75 | I33: 80 | J33: 87 | K33: 81 | L33: 65 | M33: 70 | N33: 70 | O33: 70 | P33: 89 | Q33: 88 | R33: 70 | S33: 68 | T33: 51 | U33: 69 | V33: 91 | W33: 76 | X33: 69 | Y33: 61 | Z33: 1
A34: 2-Way Mid-Range High Flyer | B34: Point Guard | C34: 6'3" to 6'6" | D34: 180-225 | E34: 72-78 | F34: 71-80 | G34: 75-93 | H34: 25-40 | I34: 31-80 | J34: 87-92 | K34: 80-85 | L34: 64-99 | M34: 65-84 | N34: 85-92 | O34: 85-91 | P34: 35-78 | Q34: 85-92 | R34: 55-85 | S34: 35-74 | T34: 25-77 | U34: 45-74 | V34: 86-91 | W34: 71-87 | X34: 50-87 | Y34: 75-87 | Z34: 1
A35: 2-Way Mid-Range Menace | B35: Point Guard | C35: 6'3" to 6'7" | D35: 195-205 | E35: 75-78 | F35: 73-88 | G35: 54-80 | H35: 35-40 | I35: 39-70 | J35: 87-93 | K35: 80-83 | L35: 64-86 | M35: 71-79 | N35: 86-88 | O35: 75-90 | P35: 47-79 | Q35: 85-88 | R35: 73-87 | S35: 63-78 | T35: 33-74 | U35: 45-59 | V35: 85-93 | W35: 77-85 | X35: 58-80 | Y35: 60-82 | Z35: 1
A36: 2-Way Mid-Range Slasher | B36: Point Guard | C36: 6'2" to 6'7" | D36: 180-230 | E36: 74-85 | F36: 70-93 | G36: 73-93 | H36: 27-43 | I36: 30-62 | J36: 85-95 | K36: 60-84 | L36: 65-99 | M36: 61-85 | N36: 81-90 | O36: 75-86 | P36: 40-70 | Q36: 85-92 | R36: 60-88 | S36: 40-79 | T36: 25-70 | U36: 50-75 | V36: 80-90 | W36: 70-86 | X36: 50-75 | Y36: 60-80 | Z36: 1
A37: 2-Way Middy Playmaker | B37: Point Guard | C37: 6'7" | D37: 205 | E37: 77 | F37: 80 | G37: 80 | H37: 40 | I37: 45 | J37: 86 | K37: 80 | L37: 70 | M37: 95 | N37: 85 | O37: 81 | P37: 72 | Q37: 86 | R37: 80 | S37: 43 | T37: 36 | U37: 57 | V37: 81 | W37: 82 | X37: 61 | Y37: 65 | Z37: 1
A38: 2-Way Off-Screen Shooter | B38: Point Guard | C38: 5'10" to 6'7" | D38: 180-219 | E38: 74-81 | F38: 56-81 | G38: 25-70 | H38: 25-30 | I38: 25-55 | J38: 89-96 | K38: 85-99 | L38: 71-93 | M38: 35-82 | N38: 60-82 | O38: 65-82 | P38: 49-70 | Q38: 87-96 | R38: 72-96 | S38: 42-78 | T38: 26-39 | U38: 50-64 | V38: 85-91 | W38: 85-91 | X38: 60-85 | Y38: 55-74 | Z38: 1
A39: 2-Way Physical Laymaker | B39: Point Guard | C39: 6'7" | D39: 207 | E39: 83 | F39: 93 | G39: 70 | H39: 30 | I39: 51 | J39: 66 | K39: 75 | L39: 50 | M39: 82 | N39: 90 | O39: 82 | P39: 60 | Q39: 90 | R39: 61 | S39: 46 | T39: 27 | U39: 50 | V39: 90 | W39: 79 | X39: 85 | Y39: 75 | Z39: 1
A40: 2-Way Playmaking Bully Creator | B40: Point Guard | C40: 6'3" | D40: 213 | E40: 90 | F40: 80 | G40: 25 | H40: 25 | I40: 32 | J40: 85 | K40: 94 | L40: 75 | M40: 90 | N40: 86 | O40: 80 | P40: 76 | Q40: 85 | R40: 81 | S40: 47 | T40: 41 | U40: 58 | V40: 85 | W40: 78 | X40: 84 | Y40: 60 | Z40: 1
A41: 2-Way Playmaking Creator | B41: Point Guard | C41: 6'2" to 6'7" | D41: 196-215 | E41: 75-80 | F41: 70-75 | G41: 30-80 | H41: 25-30 | I41: 29-50 | J41: 87-93 | K41: 85-97 | L41: 65-75 | M41: 87 | N41: 85-90 | O41: 75-85 | P41: 45-70 | Q41: 85-95 | R41: 60-81 | S41: 35-75 | T41: 25-37 | U41: 45-55 | V41: 85-90 | W41: 85 | X41: 62-75 | Y41: 55-65 | Z41: 1
A42: 2-Way Playmaking Slasher | B42: Point Guard | C42: 6'6" | D42: 205 | E42: 84 | F42: 85 | G42: 82 | H42: 52 | I42: 53 | J42: 80 | K42: 80 | L42: 76 | M42: 92 | N42: 90 | O42: 76 | P42: 43 | Q42: 87 | R42: 73 | S42: 44 | T42: 57 | U42: 57 | V42: 81 | W42: 80 | X42: 68 | Y42: 71 | Z42: 1
A43: 2-Way PlaySlash Bully | B43: Point Guard | C43: 6'4" | D43: 230 | E43: 72 | F43: 77 | G43: 87 | H43: 40 | I43: 43 | J43: 80 | K43: 80 | L43: 84 | M43: 87 | N43: 82 | O43: 86 | P43: 56 | Q43: 91 | R43: 79 | S43: 42 | T43: 34 | U43: 51 | V43: 87 | W43: 87 | X43: 85 | Y43: 87 | Z43: 1
A44: 2-Way Sharpshooter | B44: Point Guard | C44: 6'7" | D44: 192 | E44: 77 | F44: 66 | G44: 75 | H44: 40 | I44: 41-51 | J44: 92 | K44: 90 | L44: 67 | M44: 71 | N44: 81 | O44: 83 | P44: 47-56 | Q44: 91-92 | R44: 73 | S44: 47 | T44: 67-68 | U44: 57 | V44: 89 | W44: 84 | X44: 72 | Y44: 60 | Z44: 1
A45: 2-Way Tempo-Pushing Crasher | B45: Point Guard | C45: 6'7" | D45: 222 | E45: 73 | F45: 75 | G45: 80 | H45: 72 | I45: 50 | J45: 75 | K45: 80 | L45: 73 | M45: 84 | N45: 86 | O45: 80 | P45: 82 | Q45: 85 | R45: 55 | S45: 84 | T45: 80 | U45: 65 | V45: 85 | W45: 85 | X45: 85 | Y45: 77 | Z45: 1
A46: 3 & D Dime Dropper | B46: Point Guard | C46: 6'4" | D46: 200 | E46: 65 | F46: 75 | G46: 75 | H46: 25 | I46: 40 | J46: 80 | K46: 90 | L46: 67 | M46: 92 | N46: 86 | O46: 86 | P46: 49 | Q46: 88 | R46: 89 | S46: 38 | T46: 26 | U46: 48 | V46: 90 | W46: 90 | X46: 48 | Y46: 60 | Z46: 1
A47: 3-Level Scorer | B47: Point Guard | C47: 6'4" to 6'7" | D47: 192-215 | E47: 74-91 | F47: 75-94 | G47: 82-94 | H47: 43-68 | I47: 25-73 | J47: 85-93 | K47: 87-93 | L47: 70-99 | M47: 75-85 | N47: 75-83 | O47: 75-82 | P47: 29-53 | Q47: 60-82 | R47: 40-73 | S47: 31-71 | T47: 26-72 | U47: 37-74 | V47: 84-90 | W47: 71-85 | X47: 50-64 | Y47: 74-94 | Z47: 1
A48: 3PT High-Flying Ball Hawk | B48: Point Guard | C48: 6'3" to 6'6" | D48: 198-205 | E48: 74-77 | F48: 80 | G48: 87-92 | H48: 41-51 | I48: 31-55 | J48: 80-83 | K48: 89-93 | L48: 81-99 | M48: 65-85 | N48: 82 | O48: 75-80 | P48: 52-74 | Q48: 81-83 | R48: 85-96 | S48: 45-55 | T48: 60-66 | U48: 51-70 | V48: 85 | W48: 77-80 | X48: 71-73 | Y48: 77-89 | Z48: 1
A49: 3PT Shot Hunter | B49: Point Guard | C49: 6'2" to 6'4" | D49: 165-221 | E49: 68-80 | F49: 76-80 | G49: 27-80 | H49: 25-51 | I49: 34-72 | J49: 80-84 | K49: 88-94 | L49: 63-83 | M49: 71-85 | N49: 82-94 | O49: 87-93 | P49: 30-67 | Q49: 64-84 | R49: 63-80 | S49: 25-65 | T49: 25-62 | U49: 32-65 | V49: 89-93 | W49: 77-90 | X49: 30-80 | Y49: 63-84 | Z49: 1
A50: 3PT-Sniping Creator | B50: Point Guard | C50: 6'1" to 6'5" | D50: 169-200 | E50: 74-80 | F50: 85-94 | G50: 26-81 | H50: 25-30 | I50: 37-46 | J50: 80-84 | K50: 90-92 | L50: 70-79 | M50: 80-85 | N50: 92-93 | O50: 86-91 | P50: 33-37 | Q50: 67-80 | R50: 53-82 | S50: 25-30 | T50: 25-34 | U50: 29-53 | V50: 89-91 | W50: 74-92 | X50: 40-57 | Y50: 60-70 | Z50: 1
A51: Aerial Playmaker | B51: Point Guard | C51: 6'3" | D51: 200 | E51: 82 | F51: 80 | G51: 94 | H51: 39 | I51: 31 | J51: 78 | K51: 80 | L51: 55 | M51: 89 | N51: 86 | O51: 89 | P51: 62 | Q51: 77 | R51: 47 | S51: 41 | T51: 44 | U51: 60 | V51: 93 | W51: 89 | X51: 70 | Y51: 86 | Z51: 1
A52: Ankle Snatcher | B52: Point Guard | C52: 6'3" | D52: 175 | E52: 72 | F52: 85 | G52: 87 | H52: 32 | I52: 40 | J52: 75 | K52: 85 | L52: 76 | M52: 85 | N52: 95 | O52: 91 | P52: 28 | Q52: 74 | R52: 73 | S52: 30 | T52: 25 | U52: 36 | V52: 91 | W52: 80 | X52: 37 | Y52: 75 | Z52: 1
A53: Ankle Taker | B53: Point Guard | C53: 5'9" to 6'7" | D53: 165-220 | E53: 70-99 | F53: 85-99 | G53: 25-81 | H53: 25-62 | I53: 30-60 | J53: 85-95 | K53: 89-99 | L53: 67-99 | M53: 67-85 | N53: 84-95 | O53: 80-94 | P53: 25-76 | Q53: 59-82 | R53: 30-79 | S53: 25-60 | T53: 25-53 | U53: 35-62 | V53: 85-94 | W53: 75-89 | X53: 34-76 | Y53: 56-76 | Z53: 1
A54: Athletic High Flyer | B54: Point Guard | C54: 6'5" | D54: 210 | E54: 71 | F54: 85 | G54: 90 | H54: 36 | I54: 35 | J54: 85 | K54: 85 | L54: 82 | M54: 85 | N54: 85 | O54: 85 | P54: 45 | Q54: 80 | R54: 50 | S54: 40 | T54: 45 | U54: 70 | V54: 90 | W54: 85 | X54: 50 | Y54: 85 | Z54: 1
A55: Ball-Hawking 3 & D Point | B55: Point Guard | C55: 6'6" | D55: 188 | E55: 70 | F55: 68 | G55: 81 | H55: 32 | I55: 40 | J55: 83 | K55: 90 | L55: 80 | M55: 84 | N55: 83 | O55: 82 | P55: 62 | Q55: 92 | R55: 91 | S55: 47 | T55: 32 | U55: 52 | V55: 84 | W55: 81 | X55: 59 | Y55: 68 | Z55: 1
A56: Ball-Hawking 3-Level Creator | B56: Point Guard | C56: 6'2" to 6'7" | D56: 169-200 | E56: 70-81 | F56: 71-86 | G56: 71-91 | H56: 25-41 | I56: 29-48 | J56: 85-96 | K56: 89-96 | L56: 70-99 | M56: 60-85 | N56: 84-92 | O56: 77-91 | P56: 42-60 | Q56: 72-85 | R56: 85-94 | S56: 25-58 | T56: 25-39 | U56: 33-46 | V56: 80-91 | W56: 71-86 | X56: 40-78 | Y56: 65-84 | Z56: 1
A57: Ball-Hawking 3-Level Scorer | B57: Point Guard | C57: 6'2" | D57: 175 | E57: 79 | F57: 74 | G57: 84 | H57: 46 | I57: 25 | J57: 89 | K57: 99 | L57: 76 | M57: 82 | N57: 81 | O57: 80 | P57: 49 | Q57: 70 | R57: 90 | S57: 41 | T57: 25 | U57: 36 | V57: 82 | W57: 75 | X57: 45 | Y57: 75 | Z57: 1
A58: Ball-Hawking 3PT Shot Hunter | B58: Point Guard | C58: 6'1" to 6'5" | D58: 160-195 | E58: 69-76 | F58: 77-83 | G58: 25-80 | H58: 25-45 | I58: 32-43 | J58: 81-84 | K58: 90-94 | L58: 66-95 | M58: 69-85 | N58: 88-95 | O58: 86-94 | P58: 40-55 | Q58: 70-83 | R58: 85-91 | S58: 25-52 | T58: 25-28 | U58: 35-46 | V58: 90-95 | W58: 80-90 | X58: 30-50 | Y58: 61-78 | Z58: 1
A59: Ball-Hawking 3PT Slasher | B59: Point Guard | C59: 6'2" to 6'7" | D59: 165-209 | E59: 66-80 | F59: 70-84 | G59: 83-93 | H59: 28-60 | I59: 26-79 | J59: 79-85 | K59: 85-94 | L59: 60-96 | M59: 65-85 | N59: 81-93 | O59: 80-94 | P59: 40-70 | Q59: 63-85 | R59: 85-92 | S59: 25-70 | T59: 25-64 | U59: 35-75 | V59: 80-94 | W59: 68-90 | X59: 39-85 | Y59: 65-89 | Z59: 1
A60: Ball-Hawking 3PT Sniper | B60: Point Guard | C60: 6'4" | D60: 215 | E60: 80 | F60: 81 | G60: 80 | H60: 62 | I60: 46 | J60: 82 | K60: 85 | L60: 79 | M60: 80 | N60: 82 | O60: 80 | P60: 54 | Q60: 78 | R60: 91 | S60: 44 | T60: 52 | U60: 60 | V60: 95 | W60: 81 | X60: 80 | Y60: 80 | Z60: 1
A61: Ball-Hawking Iso Sniper | B61: Point Guard | C61: 6'1" to 6'6" | D61: 160-200 | E61: 70-79 | F61: 72-82 | G61: 25-80 | H61: 25-45 | I61: 25-45 | J61: 85-94 | K61: 89-97 | L61: 67-99 | M61: 70-85 | N61: 85-95 | O61: 85-91 | P61: 40-58 | Q61: 68-83 | R61: 85-94 | S61: 25-61 | T61: 25-35 | U61: 31-60 | V61: 85-92 | W61: 75-88 | X61: 33-73 | Y61: 56-80 | Z61: 1
A62: Ball-Hawking Mid-Range Menace | B62: Point Guard | C62: 6'6" | D62: 205 | E62: 75 | F62: 75 | G62: 80 | H62: 35 | I62: 50 | J62: 90 | K62: 83 | L62: 74 | M62: 75 | N62: 90 | O62: 85 | P62: 55 | Q62: 83 | R62: 90 | S62: 37 | T62: 27 | U62: 43 | V62: 90 | W62: 80 | X62: 50 | Y62: 60 | Z62: 1
A63: Ball-Hawking Middy High Flyer | B63: Point Guard | C63: 6'5" to 6'6" | D63: 190-195 | E63: 72-79 | F63: 75-80 | G63: 89-93 | H63: 38-39 | I63: 38-40 | J63: 87-94 | K63: 80-83 | L63: 62-69 | M63: 60-63 | N63: 85-88 | O63: 84-86 | P63: 45-60 | Q63: 80-83 | R63: 85-91 | S63: 40-71 | T63: 29-31 | U63: 46-48 | V63: 86-90 | W63: 78-80 | X63: 50-60 | Y63: 80-85 | Z63: 1
A64: Ball-Hawking Middy Slasher | B64: Point Guard | C64: 6'7" | D64: 180 | E64: 77 | F64: 77 | G64: 84 | H64: 34 | I64: 46 | J64: 92 | K64: 83 | L64: 70 | M64: 74 | N64: 86 | O64: 80 | P64: 50 | Q64: 84 | R64: 85 | S64: 68 | T64: 26 | U64: 46 | V64: 85 | W64: 80 | X64: 50 | Y64: 77 | Z64: 1
A65: Ball-Hawking PlayShot | B65: Point Guard | C65: 6'2" to 6'4" | D65: 165-203 | E65: 61-80 | F65: 73-85 | G65: 25-79 | H65: 25-27 | I65: 31-40 | J65: 76-91 | K65: 86-96 | L65: 66-99 | M65: 84-92 | N65: 87-92 | O65: 86-89 | P65: 35-64 | Q65: 72-85 | R65: 80-99 | S65: 30-40 | T65: 25-39 | U65: 44-60 | V65: 88-91 | W65: 74-92 | X65: 40-70 | Y65: 58-61 | Z65: 1
A66: Ball-Hawking PlaySlash | B66: Point Guard | C66: 6'6" | D66: 200 | E66: 72 | F66: 87 | G66: 90 | H66: 40 | I66: 40 | J66: 78 | K66: 83 | L66: 58 | M66: 90 | N66: 85 | O66: 85 | P66: 52 | Q66: 63 | R66: 87 | S66: 35 | T66: 25 | U66: 45 | V66: 88 | W66: 85 | X66: 52 | Y66: 80 | Z66: 1
A67: Ball-Hawking Sharpshooter | B67: Point Guard | C67: 6'2" | D67: 193 | E67: 84 | F67: 65 | G67: 48 | H67: 37 | I67: 40 | J67: 99 | K67: 99 | L67: 88 | M67: 60 | N67: 80 | O67: 70 | P67: 66 | Q67: 73 | R67: 85 | S67: 58 | T67: 30 | U67: 46 | V67: 70 | W67: 63 | X67: 51 | Y67: 75 | Z67: 1
A68: Ball-Hawking Slasher | B68: Point Guard | C68: 6'7" | D68: 182 | E68: 70 | F68: 72 | G68: 84 | H68: 46 | I68: 47 | J68: 74 | K68: 77 | L68: 73 | M68: 77 | N68: 86 | O68: 70 | P68: 54 | Q68: 72 | R68: 86 | S68: 74 | T68: 66 | U68: 73 | V68: 91 | W68: 83 | X68: 75 | Y68: 90 | Z68: 1
A69: Big Glide | B69: Point Guard | C69: 6'7" | D69: 207 | E69: 75 | F69: 85 | G69: 87 | H69: 85 | I69: 50 | J69: 73 | K69: 83 | L69: 79 | M69: 85 | N69: 90 | O69: 80 | P69: 65 | Q69: 74 | R69: 73 | S69: 35 | T69: 60 | U69: 60 | V69: 81 | W69: 77 | X69: 73 | Y69: 75 | Z69: 1
A70: Blow-By Dual Finisher | B70: Point Guard | C70: 6'4" | D70: 215 | E70: 77 | F70: 88 | G70: 91 | H70: 59 | I70: 52 | J70: 73 | K70: 83 | L70: 95 | M70: 82 | N70: 90 | O70: 87 | P70: 50 | Q70: 65 | R70: 80 | S70: 35 | T70: 31 | U70: 47 | V70: 93 | W70: 80 | X70: 79 | Y70: 80 | Z70: 1
A71: Blow-By High Flyer | B71: Point Guard | C71: 6'4" to 6'6" | D71: 180-220 | E71: 73-84 | F71: 80-81 | G71: 88-99 | H71: 38-50 | I71: 40-45 | J71: 78-82 | K71: 80-83 | L71: 67-85 | M71: 66-80 | N71: 85-90 | O71: 85-89 | P71: 46-62 | Q71: 60-80 | R71: 35-80 | S71: 42-70 | T71: 25-50 | U71: 45-70 | V71: 85-92 | W71: 80-95 | X71: 48-76 | Y71: 80-95 | Z71: 1
A72: Cash Out | B72: Point Guard | C72: 6'2" | D72: 175 | E72: 74 | F72: 85 | G72: 25 | H72: 28 | I72: 30 | J72: 89 | K72: 99 | L72: 78 | M72: 76 | N72: 90 | O72: 86 | P72: 25 | Q72: 74 | R72: 60 | S72: 25 | T72: 25 | U72: 35 | V72: 86 | W72: 76 | X72: 35 | Y72: 56 | Z72: 1
A73: Catch & Shoot 3PT Sniper | B73: Point Guard | C73: 6'5" | D73: 203 | E73: 67 | F73: 75 | G73: 77 | H73: 38 | I73: 30 | J73: 80 | K73: 90 | L73: 81 | M73: 77 | N73: 80 | O73: 81 | P73: 67 | Q73: 82 | R73: 52 | S73: 43 | T73: 72 | U73: 74 | V73: 96 | W73: 81 | X73: 47 | Y73: 88 | Z73: 1
A74: Clamp Thief | B74: Point Guard | C74: 6'6" | D74: 223 | E74: 72 | F74: 58 | G74: 65 | H74: 50 | I74: 47 | J74: 73 | K74: 83 | L74: 58 | M74: 67 | N74: 72 | O74: 77 | P74: 70 | Q74: 95 | R74: 91 | S74: 75 | T74: 35 | U74: 60 | V74: 92 | W74: 88 | X74: 80 | Y74: 77 | Z74: 1
A75: Crafty 3-Level Scorer | B75: Point Guard | C75: 6'4" | D75: 200 | E75: 85 | F75: 88 | G75: 70 | H75: 45 | I75: 65 | J75: 90 | K75: 89 | L75: 79 | M75: 83 | N75: 81 | O75: 82 | P75: 61 | Q75: 81 | R75: 80 | S75: 64 | T75: 66 | U75: 71 | V75: 84 | W75: 81 | X75: 65 | Y75: 70 | Z75: 1
A76: Crafty Inside-Out Creator | B76: Point Guard | C76: 6'7" | D76: 206 | E76: 81 | F76: 88 | G76: 90 | H76: 81 | I76: 46 | J76: 80 | K76: 90 | L76: 75 | M76: 85 | N76: 86 | O76: 81 | P76: 49 | Q76: 55 | R76: 60 | S76: 68 | T76: 32 | U76: 43 | V76: 84 | W76: 74 | X76: 67 | Y76: 80 | Z76: 1
A77: Crafty Iso Savant | B77: Point Guard | C77: 5'9" | D77: 163 | E77: 89 | F77: 97 | G77: 75 | H77: 25 | I77: 44 | J77: 95 | K77: 99 | L77: 99 | M77: 70 | N77: 92 | O77: 82 | P77: 33 | Q77: 52 | R77: 48 | S77: 31 | T77: 47 | U77: 58 | V77: 82 | W77: 74 | X77: 55 | Y77: 65 | Z77: 1
A78: Crafty Iso Sniper | B78: Point Guard | C78: 6'3" | D78: 209 | E78: 87 | F78: 79 | G78: 80 | H78: 43 | I78: 66 | J78: 90 | K78: 88 | L78: 78 | M78: 82 | N78: 92 | O78: 82 | P78: 61 | Q78: 74 | R78: 73 | S78: 68 | T78: 72 | U78: 72 | V78: 82 | W78: 73 | X78: 77 | Y78: 77 | Z78: 1
A79: Crafty Offensive Engine | B79: Point Guard | C79: 6'3" to 6'7" | D79: 190-200 | E79: 85-93 | F79: 93-95 | G79: 70-87 | H79: 26-51 | I79: 45-75 | J79: 88-93 | K79: 85-93 | L79: 81-93 | M79: 94-95 | N79: 89-90 | O79: 80-84 | P79: 25-50 | Q79: 54-75 | R79: 25-50 | S79: 29-33 | T79: 36-39 | U79: 33-60 | V79: 80-84 | W79: 69-75 | X79: 49-75 | Y79: 51-74 | Z79: 1
A80: Crafty Playmaking Slasher | B80: Point Guard | C80: 6'7" | D80: 205 | E80: 99 | F80: 79 | G80: 98 | H80: 49 | I80: 49 | J80: 72 | K80: 79 | L80: 97 | M80: 99 | N80: 89 | O80: 69 | P80: 29 | Q80: 41 | R80: 26 | S80: 34 | T80: 56 | U80: 42 | V80: 70 | W80: 57 | X80: 54 | Y80: 78 | Z80: 1
A81: Crafty Post Playmaker | B81: Point Guard | C81: 6'7" | D81: 200-225 | E81: 84 | F81: 85 | G81: 73-75 | H81: 72 | I81: 87 | J81: 80 | K81: 80-82 | L81: 76-78 | M81: 92 | N81: 86 | O81: 75 | P81: 65 | Q81: 74 | R81: 73 | S81: 73 | T81: 70 | U81: 60 | V81: 80 | W81: 80 | X81: 76-79 | Y81: 66 | Z81: 1
A82: Crafty Sharpshooter | B82: Point Guard | C82: 6'1" | D82: 180 | E82: 90 | F82: 69 | G82: 69 | H82: 25 | I82: 63 | J82: 99 | K82: 99 | L82: 76 | M82: 59 | N82: 77 | O82: 82 | P82: 53 | Q82: 58 | R82: 53 | S82: 56 | T82: 49 | U82: 58 | V82: 82 | W82: 67 | X82: 57 | Y82: 58 | Z82: 1
A83: Defensive Playmaker | B83: Point Guard | C83: 6'1" to 6'3" | D83: 170-185 | E83: 73-78 | F83: 85-93 | G83: 25 | H83: 25 | I83: 30-34 | J83: 76-77 | K83: 83-85 | L83: 58-65 | M83: 90-95 | N83: 88-90 | O83: 89-91 | P83: 48-57 | Q83: 85-91 | R83: 90-93 | S83: 35-41 | T83: 25-40 | U83: 47-65 | V83: 91 | W83: 80-89 | X83: 46-47 | Y83: 61 | Z83: 1
A84: Diming Inside-Out Scorer | B84: Point Guard | C84: 6'6" | D84: 184 | E84: 71 | F84: 72 | G84: 85 | H84: 36 | I84: 40 | J84: 85 | K84: 87 | L84: 71 | M84: 88 | N84: 85 | O84: 81 | P84: 50 | Q84: 85 | R84: 85 | S84: 44 | T84: 31 | U84: 52 | V84: 87 | W84: 81 | X84: 71 | Y84: 76 | Z84: 1
A85: Diming Sharpshooter | B85: Point Guard | C85: 6'3" | D85: 198 | E85: 80 | F85: 80 | G85: 25 | H85: 28 | I85: 45 | J85: 90 | K85: 98 | L85: 74 | M85: 84 | N85: 80 | O85: 80 | P85: 73 | Q85: 80 | R85: 80 | S85: 59 | T85: 62 | U85: 62 | V85: 84 | W85: 75 | X85: 56 | Y85: 54 | Z85: 1
A86: Dot Dispenser | B86: Point Guard | C86: 6'3" | D86: 225 | E86: 72 | F86: 85 | G86: 87 | H86: 33 | I86: 33 | J86: 79 | K86: 89 | L86: 80 | M86: 95 | N86: 86 | O86: 86 | P86: 54 | Q86: 74 | R86: 73 | S86: 30 | T86: 25 | U86: 35 | V86: 88 | W86: 80 | X86: 84 | Y86: 75 | Z86: 1
A87: Edge Enforcer | B87: Point Guard | C87: 6'7" | D87: 190 | E87: 68 | F87: 50 | G87: 57 | H87: 26 | I87: 25 | J87: 81 | K87: 77 | L87: 64 | M87: 70 | N87: 61 | O87: 66 | P87: 73 | Q87: 95 | R87: 97 | S87: 78 | T87: 70 | U87: 85 | V87: 91 | W87: 81 | X87: 60 | Y87: 61 | Z87: 1
A88: Edge-Enforcing Iso Sniper | B88: Point Guard | C88: 6'7" | D88: 205 | E88: 80 | F88: 75 | G88: 76 | H88: 30 | I88: 50 | J88: 90 | K88: 88 | L88: 68 | M88: 75 | N88: 85 | O88: 75 | P88: 70 | Q88: 85 | R88: 80 | S88: 78 | T88: 60 | U88: 80 | V88: 82 | W88: 80 | X88: 75 | Y88: 65 | Z88: 1
A89: Explosive 2-Way 3PT Creator | B89: Point Guard | C89: 6'2" | D89: 218 | E89: 65 | F89: 75 | G89: 50 | H89: 36 | I89: 30 | J89: 79 | K89: 89 | L89: 99 | M89: 85 | N89: 85 | O89: 88 | P89: 74 | Q89: 92 | R89: 85 | S89: 65 | T89: 64 | U89: 63 | V89: 89 | W89: 88 | X89: 85 | Y89: 85 | Z89: 1
A90: Gritty 3PT Slasher | B90: Point Guard | C90: 6'6" | D90: 195 | E90: 73 | F90: 75 | G90: 93 | H90: 72 | I90: 45 | J90: 75 | K90: 85 | L90: 60 | M90: 65 | N90: 90 | O90: 80 | P90: 81 | Q90: 80 | R90: 70 | S90: 75 | T90: 74 | U90: 70 | V90: 80 | W90: 81 | X90: 73 | Y90: 80 | Z90: 1
A91: Gritty Blow-By High Flyer | B91: Point Guard | C91: 6'6" | D91: 196 | E91: 73 | F91: 78 | G91: 87 | H91: 37 | I91: 41 | J91: 76 | K91: 83 | L91: 58 | M91: 76 | N91: 86 | O91: 85 | P91: 80 | Q91: 85 | R91: 55 | S91: 80 | T91: 70 | U91: 80 | V91: 87 | W91: 87 | X91: 72 | Y91: 80 | Z91: 1
A92: Gritty Power Slasher | B92: Point Guard | C92: 6'7" | D92: 218 | E92: 80 | F92: 90 | G92: 87 | H92: 37 | I92: 47 | J92: 73 | K92: 81 | L92: 56 | M92: 71 | N92: 87 | O92: 81 | P92: 82 | Q92: 80 | R92: 73 | S92: 57 | T92: 40 | U92: 62 | V92: 85 | W92: 75 | X92: 82 | Y92: 75 | Z92: 1
A93: High-Flying Mid-Range Slasher | B93: Point Guard | C93: 6'2" to 6'5" | D93: 193-230 | E93: 74-77 | F93: 85 | G93: 85-87 | H93: 32-35 | I93: 32-39 | J93: 89-92 | K93: 85 | L93: 69-79 | M93: 77-81 | N93: 87-92 | O93: 81-85 | P93: 40-59 | Q93: 78-85 | R93: 60-85 | S93: 37-46 | T93: 31-36 | U93: 45-48 | V93: 87-88 | W93: 77-91 | X93: 70-84 | Y93: 75-82 | Z93: 1
A94: High-Flying Slasher | B94: Point Guard | C94: 6'4" | D94: 203 | E94: 80 | F94: 75 | G94: 95 | H94: 44 | I94: 35 | J94: 70 | K94: 80 | L94: 72 | M94: 60 | N94: 85 | O94: 82 | P94: 35 | Q94: 67 | R94: 44 | S94: 54 | T94: 44 | U94: 60 | V94: 97 | W94: 89 | X94: 50 | Y94: 99 | Z94: 1
A95: Inside-Out Ball Hawk | B95: Point Guard | C95: 6'6" | D95: 201 | E95: 73 | F95: 88 | G95: 88 | H95: 38 | I95: 35 | J95: 77 | K95: 87 | L95: 63 | M95: 60 | N95: 80 | O95: 80 | P95: 60 | Q95: 75 | R95: 90 | S95: 70 | T95: 58 | U95: 60 | V95: 90 | W95: 78 | X95: 65 | Y95: 85 | Z95: 1
A96: Inside-Out Crafty Slasher | B96: Point Guard | C96: 6'6" to 6'7" | D96: 194-210 | E96: 72-75 | F96: 85-86 | G96: 87 | H96: 37-64 | I96: 51-72 | J96: 80-82 | K96: 90 | L96: 65 | M96: 80-84 | N96: 87-90 | O96: 77-79 | P96: 44-49 | Q96: 73-77 | R96: 79-80 | S96: 32-50 | T96: 27-33 | U96: 42-57 | V96: 80 | W96: 75-82 | X96: 67-74 | Y96: 75-78 | Z96: 1
A97: Inside-Out High-Flying Slasher | B97: Point Guard | C97: 6'1" to 6'7" | D97: 160-230 | E97: 67-85 | F97: 70-86 | G97: 80-99 | H97: 28-74 | I97: 32-76 | J97: 75-85 | K97: 85-94 | L97: 61-99 | M97: 62-85 | N97: 83-95 | O97: 76-93 | P97: 25-80 | Q97: 58-85 | R97: 33-85 | S97: 29-74 | T97: 25-74 | U97: 32-80 | V97: 80-95 | W97: 71-93 | X97: 37-85 | Y97: 66-90 | Z97: 1
A98: Inside-Out Playmaker | B98: Point Guard | C98: 6'1" to 6'4" | D98: 160-200 | E98: 71-82 | F98: 85-90 | G98: 25-93 | H98: 25-38 | I98: 29-46 | J98: 80-84 | K98: 86-94 | L98: 80-99 | M98: 86-96 | N98: 84-96 | O98: 86-91 | P98: 25-45 | Q98: 58-80 | R98: 28-85 | S98: 25-48 | T98: 25-26 | U98: 28-43 | V98: 86-91 | W98: 73-86 | X98: 33-75 | Y98: 58-80 | Z98: 1
A99: Inside-Out Slasher | B99: Point Guard | C99: 6'3" to 6'7" | D99: 175-224 | E99: 73-84 | F99: 85-95 | G99: 87-99 | H99: 32-45 | I99: 34-60 | J99: 77-84 | K99: 85-93 | L99: 61-95 | M99: 64-85 | N99: 84-93 | O99: 76-92 | P99: 25-60 | Q99: 56-80 | R99: 35-80 | S99: 31-66 | T99: 25-60 | U99: 38-65 | V99: 85-92 | W99: 73-90 | X99: 46-76 | Y99: 75-90 | Z99: 1
A100: Inside-Out-Slashing Cleaner | B100: Point Guard | C100: 6'7" | D100: 205 | E100: 74 | F100: 80 | G100: 90 | H100: 40 | I100: 51 | J100: 77 | K100: 87 | L100: 81 | M100: 66 | N100: 85 | O100: 82 | P100: 70 | Q100: 80 | R100: 63 | S100: 66 | T100: 74 | U100: 81 | V100: 90 | W100: 78 | X100: 50 | Y100: 75 | Z100: 1
A101: Iso Savant | B101: Point Guard | C101: 6'1" to 6'7" | D101: 165-220 | E101: 70-88 | F101: 70-96 | G101: 80-96 | H101: 25-67 | I101: 27-65 | J101: 84-98 | K101: 85-97 | L101: 62-99 | M101: 60-85 | N101: 85-96 | O101: 75-91 | P101: 25-75 | Q101: 50-85 | R101: 32-85 | S101: 25-70 | T101: 25-54 | U101: 26-70 | V101: 75-95 | W101: 63-94 | X101: 35-75 | Y101: 65-88 | Z101: 1
...

Sheet Percentiles
L1: Inches | M1: BBGM Hgt
L2: 66 | M2: 0
L3: 68 | M3: 8.33
L4: 70 | M4: 16.67
L5: 72 | M5: 25
L6: 74 | M6: 33.33
L7: 76 | M7: 41.67
L8: 78 | M8: 50
L9: 80 | M9: 58.33
L10: 82 | M10: 66.67
L11: 84 | M11: 75
L12: 86 | M12: 83.33
A19: 2K Percentiles
A20: Stat | B20: 1st | C20: 10th | D20: 25th | E20: 50th | F20: 75th | G20: 90th | H20: 95th | I20: 99th
A21: Close Shot | B21: =IFERROR(__xludf.DUMMYFUNCTION("PERCENTILE(INDEX(Archetype_DB!$A$2:$Z1000, 0, MATCH($A21, Archetype_DB!$A$1:$Z$1, 0)), VALUE(REGEXEXTRACT(B$20, ""\d+""))/100)"),64.35) -> 64.35 | C21: =IFERROR(__xludf.DUMMYFUNCTION("PERCENTILE(INDEX(Archetype_DB!$A$2:$Z1000, 0, MATCH($A21, Archetype_DB!$A$1:$Z$1, 0)), VALUE(REGEXEXTRACT(C$20, ""\d+""))/100)"),71.0) -> 71 | D21: =IFERROR(__xludf.DUMMYFUNCTION("PERCENTILE(INDEX(Archetype_DB!$A$2:$Z1000, 0, MATCH($A21, Archetype_DB!$A$1:$Z$1, 0)), VALUE(REGEXEXTRACT(D$20, ""\d+""))/100)"),75.0) -> 75 | E21: =IFERROR(__xludf.DUMMYFUNCTION("PERCENTILE(INDEX(Archetype_DB!$A$2:$Z1000, 0, MATCH($A21, Archetype_DB!$A$1:$Z$1, 0)), VALUE(REGEXEXTRACT(E$20, ""\d+""))/100)"),80.0) -> 80 | F21: =IFERROR(__xludf.DUMMYFUNCTION("PERCENTILE(INDEX(Archetype_DB!$A$2:$Z1000, 0, MATCH($A21, Archetype_DB!$A$1:$Z$1, 0)), VALUE(REGEXEXTRACT(F$20, ""\d+""))/100)"),84.0) -> 84 | G21: =IFERROR(__xludf.DUMMYFUNCTION("PERCENTILE(INDEX(Archetype_DB!$A$2:$Z1000, 0, MATCH($A21, Archetype_DB!$A$1:$Z$1, 0)), VALUE(REGEXEXTRACT(G$20, ""\d+""))/100)"),89.0) -> 89 | H21: =IFERROR(__xludf.DUMMYFUNCTION("PERCENTILE(INDEX(Archetype_DB!$A$2:$Z1000, 0, MATCH($A21, Archetype_DB!$A$1:$Z$1, 0)), VALUE(REGEXEXTRACT(H$20, ""\d+""))/100)"),92.0) -> 92 | I21: =IFERROR(__xludf.DUMMYFUNCTION("PERCENTILE(INDEX(Archetype_DB!$A$2:$Z1000, 0, MATCH($A21, Archetype_DB!$A$1:$Z$1, 0)), VALUE(REGEXEXTRACT(I$20, ""\d+""))/100)"),95.64999999999998) -> 95.65
A22: Driving Layup | B22: =IFERROR(__xludf.DUMMYFUNCTION("PERCENTILE(INDEX(Archetype_DB!$A$2:$Z1000, 0, MATCH($A22, Archetype_DB!$A$1:$Z$1, 0)), VALUE(REGEXEXTRACT(B$20, ""\d+""))/100)"),50.36) -> 50.36 | C22: =IFERROR(__xludf.DUMMYFUNCTION("PERCENTILE(INDEX(Archetype_DB!$A$2:$Z1000, 0, MATCH($A22, Archetype_DB!$A$1:$Z$1, 0)), VALUE(REGEXEXTRACT(C$20, ""\d+""))/100)"),60.0) -> 60 | D22: =IFERROR(__xludf.DUMMYFUNCTION("PERCENTILE(INDEX(Archetype_DB!$A$2:$Z1000, 0, MATCH($A22, Archetype_DB!$A$1:$Z$1, 0)), VALUE(REGEXEXTRACT(D$20, ""\d+""))/100)"),70.0) -> 70 | E22: =IFERROR(__xludf.DUMMYFUNCTION("PERCENTILE(INDEX(Archetype_DB!$A$2:$Z1000, 0, MATCH($A22, Archetype_DB!$A$1:$Z$1, 0)), VALUE(REGEXEXTRACT(E$20, ""\d+""))/100)"),75.0) -> 75 | F22: =IFERROR(__xludf.DUMMYFUNCTION("PERCENTILE(INDEX(Archetype_DB!$A$2:$Z1000, 0, MATCH($A22, Archetype_DB!$A$1:$Z$1, 0)), VALUE(REGEXEXTRACT(F$20, ""\d+""))/100)"),81.0) -> 81 | G22: =IFERROR(__xludf.DUMMYFUNCTION("PERCENTILE(INDEX(Archetype_DB!$A$2:$Z1000, 0, MATCH($A22, Archetype_DB!$A$1:$Z$1, 0)), VALUE(REGEXEXTRACT(G$20, ""\d+""))/100)"),88.0) -> 88 | H22: =IFERROR(__xludf.DUMMYFUNCTION("PERCENTILE(INDEX(Archetype_DB!$A$2:$Z1000, 0, MATCH($A22, Archetype_DB!$A$1:$Z$1, 0)), VALUE(REGEXEXTRACT(H$20, ""\d+""))/100)"),90.0) -> 90 | I22: =IFERROR(__xludf.DUMMYFUNCTION("PERCENTILE(INDEX(Archetype_DB!$A$2:$Z1000, 0, MATCH($A22, Archetype_DB!$A$1:$Z$1, 0)), VALUE(REGEXEXTRACT(I$20, ""\d+""))/100)"),94.63999999999999) -> 94.64
A23: Driving Dunk | B23: =IFERROR(__xludf.DUMMYFUNCTION("PERCENTILE(INDEX(Archetype_DB!$A$2:$Z1000, 0, MATCH($A23, Archetype_DB!$A$1:$Z$1, 0)), VALUE(REGEXEXTRACT(B$20, ""\d+""))/100)"),30.0) -> 30 | C23: =IFERROR(__xludf.DUMMYFUNCTION("PERCENTILE(INDEX(Archetype_DB!$A$2:$Z1000, 0, MATCH($A23, Archetype_DB!$A$1:$Z$1, 0)), VALUE(REGEXEXTRACT(C$20, ""\d+""))/100)"),65.0) -> 65 | D23: =IFERROR(__xludf.DUMMYFUNCTION("PERCENTILE(INDEX(Archetype_DB!$A$2:$Z1000, 0, MATCH($A23, Archetype_DB!$A$1:$Z$1, 0)), VALUE(REGEXEXTRACT(D$20, ""\d+""))/100)"),74.0) -> 74 | E23: =IFERROR(__xludf.DUMMYFUNCTION("PERCENTILE(INDEX(Archetype_DB!$A$2:$Z1000, 0, MATCH($A23, Archetype_DB!$A$1:$Z$1, 0)), VALUE(REGEXEXTRACT(E$20, ""\d+""))/100)"),83.0) -> 83 | F23: =IFERROR(__xludf.DUMMYFUNCTION("PERCENTILE(INDEX(Archetype_DB!$A$2:$Z1000, 0, MATCH($A23, Archetype_DB!$A$1:$Z$1, 0)), VALUE(REGEXEXTRACT(F$20, ""\d+""))/100)"),89.0) -> 89 | G23: =IFERROR(__xludf.DUMMYFUNCTION("PERCENTILE(INDEX(Archetype_DB!$A$2:$Z1000, 0, MATCH($A23, Archetype_DB!$A$1:$Z$1, 0)), VALUE(REGEXEXTRACT(G$20, ""\d+""))/100)"),93.0) -> 93 | H23: =IFERROR(__xludf.DUMMYFUNCTION("PERCENTILE(INDEX(Archetype_DB!$A$2:$Z1000, 0, MATCH($A23, Archetype_DB!$A$1:$Z$1, 0)), VALUE(REGEXEXTRACT(H$20, ""\d+""))/100)"),94.0) -> 94 | I23: =IFERROR(__xludf.DUMMYFUNCTION("PERCENTILE(INDEX(Archetype_DB!$A$2:$Z1000, 0, MATCH($A23, Archetype_DB!$A$1:$Z$1, 0)), VALUE(REGEXEXTRACT(I$20, ""\d+""))/100)"),96.50999999999999) -> 96.51
A24: Standing Dunk | B24: =IFERROR(__xludf.DUMMYFUNCTION("PERCENTILE(INDEX(Archetype_DB!$A$2:$Z1000, 0, MATCH($A24, Archetype_DB!$A$1:$Z$1, 0)), VALUE(REGEXEXTRACT(B$20, ""\d+""))/100)"),25.0) -> 25 | C24: =IFERROR(__xludf.DUMMYFUNCTION("PERCENTILE(INDEX(Archetype_DB!$A$2:$Z1000, 0, MATCH($A24, Archetype_DB!$A$1:$Z$1, 0)), VALUE(REGEXEXTRACT(C$20, ""\d+""))/100)"),39.0) -> 39 | D24: =IFERROR(__xludf.DUMMYFUNCTION("PERCENTILE(INDEX(Archetype_DB!$A$2:$Z1000, 0, MATCH($A24, Archetype_DB!$A$1:$Z$1, 0)), VALUE(REGEXEXTRACT(D$20, ""\d+""))/100)"),51.0) -> 51 | E24: =IFERROR(__xludf.DUMMYFUNCTION("PERCENTILE(INDEX(Archetype_DB!$A$2:$Z1000, 0, MATCH($A24, Archetype_DB!$A$1:$Z$1, 0)), VALUE(REGEXEXTRACT(E$20, ""\d+""))/100)"),72.0) -> 72 | F24: =IFERROR(__xludf.DUMMYFUNCTION("PERCENTILE(INDEX(Archetype_DB!$A$2:$Z1000, 0, MATCH($A24, Archetype_DB!$A$1:$Z$1, 0)), VALUE(REGEXEXTRACT(F$20, ""\d+""))/100)"),85.0) -> 85 | G24: =IFERROR(__xludf.DUMMYFUNCTION("PERCENTILE(INDEX(Archetype_DB!$A$2:$Z1000, 0, MATCH($A24, Archetype_DB!$A$1:$Z$1, 0)), VALUE(REGEXEXTRACT(G$20, ""\d+""))/100)"),90.0) -> 90 | H24: =IFERROR(__xludf.DUMMYFUNCTION("PERCENTILE(INDEX(Archetype_DB!$A$2:$Z1000, 0, MATCH($A24, Archetype_DB!$A$1:$Z$1, 0)), VALUE(REGEXEXTRACT(H$20, ""\d+""))/100)"),90.0) -> 90 | I24: =IFERROR(__xludf.DUMMYFUNCTION("PERCENTILE(INDEX(Archetype_DB!$A$2:$Z1000, 0, MATCH($A24, Archetype_DB!$A$1:$Z$1, 0)), VALUE(REGEXEXTRACT(I$20, ""\d+""))/100)"),95.0) -> 95
A25: Post Control | B25: =IFERROR(__xludf.DUMMYFUNCTION("PERCENTILE(INDEX(Archetype_DB!$A$2:$Z1000, 0, MATCH($A25, Archetype_DB!$A$1:$Z$1, 0)), VALUE(REGEXEXTRACT(B$20, ""\d+""))/100)"),30.0) -> 30 | C25: =IFERROR(__xludf.DUMMYFUNCTION("PERCENTILE(INDEX(Archetype_DB!$A$2:$Z1000, 0, MATCH($A25, Archetype_DB!$A$1:$Z$1, 0)), VALUE(REGEXEXTRACT(C$20, ""\d+""))/100)"),43.3) -> 43.3 | D25: =IFERROR(__xludf.DUMMYFUNCTION("PERCENTILE(INDEX(Archetype_DB!$A$2:$Z1000, 0, MATCH($A25, Archetype_DB!$A$1:$Z$1, 0)), VALUE(REGEXEXTRACT(D$20, ""\d+""))/100)"),50.0) -> 50 | E25: =IFERROR(__xludf.DUMMYFUNCTION("PERCENTILE(INDEX(Archetype_DB!$A$2:$Z1000, 0, MATCH($A25, Archetype_DB!$A$1:$Z$1, 0)), VALUE(REGEXEXTRACT(E$20, ""\d+""))/100)"),60.0) -> 60 | F25: =IFERROR(__xludf.DUMMYFUNCTION("PERCENTILE(INDEX(Archetype_DB!$A$2:$Z1000, 0, MATCH($A25, Archetype_DB!$A$1:$Z$1, 0)), VALUE(REGEXEXTRACT(F$20, ""\d+""))/100)"),79.0) -> 79 | G25: =IFERROR(__xludf.DUMMYFUNCTION("PERCENTILE(INDEX(Archetype_DB!$A$2:$Z1000, 0, MATCH($A25, Archetype_DB!$A$1:$Z$1, 0)), VALUE(REGEXEXTRACT(G$20, ""\d+""))/100)"),87.0) -> 87 | H25: =IFERROR(__xludf.DUMMYFUNCTION("PERCENTILE(INDEX(Archetype_DB!$A$2:$Z1000, 0, MATCH($A25, Archetype_DB!$A$1:$Z$1, 0)), VALUE(REGEXEXTRACT(H$20, ""\d+""))/100)"),88.0) -> 88 | I25: =IFERROR(__xludf.DUMMYFUNCTION("PERCENTILE(INDEX(Archetype_DB!$A$2:$Z1000, 0, MATCH($A25, Archetype_DB!$A$1:$Z$1, 0)), VALUE(REGEXEXTRACT(I$20, ""\d+""))/100)"),93.0) -> 93
A26: Midrange Shot | B26: =IFERROR(__xludf.DUMMYFUNCTION("PERCENTILE(INDEX(Archetype_DB!$A$2:$Z1000, 0, MATCH($A26, Archetype_DB!$A$1:$Z$1, 0)), VALUE(REGEXEXTRACT(B$20, ""\d+""))/100)"),38.0) -> 38 | C26: =IFERROR(__xludf.DUMMYFUNCTION("PERCENTILE(INDEX(Archetype_DB!$A$2:$Z1000, 0, MATCH($A26, Archetype_DB!$A$1:$Z$1, 0)), VALUE(REGEXEXTRACT(C$20, ""\d+""))/100)"),70.0) -> 70 | D26: =IFERROR(__xludf.DUMMYFUNCTION("PERCENTILE(INDEX(Archetype_DB!$A$2:$Z1000, 0, MATCH($A26, Archetype_DB!$A$1:$Z$1, 0)), VALUE(REGEXEXTRACT(D$20, ""\d+""))/100)"),74.0) -> 74 | E26: =IFERROR(__xludf.DUMMYFUNCTION("PERCENTILE(INDEX(Archetype_DB!$A$2:$Z1000, 0, MATCH($A26, Archetype_DB!$A$1:$Z$1, 0)), VALUE(REGEXEXTRACT(E$20, ""\d+""))/100)"),80.0) -> 80 | F26: =IFERROR(__xludf.DUMMYFUNCTION("PERCENTILE(INDEX(Archetype_DB!$A$2:$Z1000, 0, MATCH($A26, Archetype_DB!$A$1:$Z$1, 0)), VALUE(REGEXEXTRACT(F$20, ""\d+""))/100)"),86.0) -> 86 | G26: =IFERROR(__xludf.DUMMYFUNCTION("PERCENTILE(INDEX(Archetype_DB!$A$2:$Z1000, 0, MATCH($A26, Archetype_DB!$A$1:$Z$1, 0)), VALUE(REGEXEXTRACT(G$20, ""\d+""))/100)"),90.0) -> 90 | H26: =IFERROR(__xludf.DUMMYFUNCTION("PERCENTILE(INDEX(Archetype_DB!$A$2:$Z1000, 0, MATCH($A26, Archetype_DB!$A$1:$Z$1, 0)), VALUE(REGEXEXTRACT(H$20, ""\d+""))/100)"),92.0) -> 92 | I26: =IFERROR(__xludf.DUMMYFUNCTION("PERCENTILE(INDEX(Archetype_DB!$A$2:$Z1000, 0, MATCH($A26, Archetype_DB!$A$1:$Z$1, 0)), VALUE(REGEXEXTRACT(I$20, ""\d+""))/100)"),95.51999999999998) -> 95.52
A27: Threepoint Shot | B27: =IFERROR(__xludf.DUMMYFUNCTION("PERCENTILE(INDEX(Archetype_DB!$A$2:$Z1000, 0, MATCH($A27, Archetype_DB!$A$1:$Z$1, 0)), VALUE(REGEXEXTRACT(B$20, ""\d+""))/100)"),25.0) -> 25 | C27: =IFERROR(__xludf.DUMMYFUNCTION("PERCENTILE(INDEX(Archetype_DB!$A$2:$Z1000, 0, MATCH($A27, Archetype_DB!$A$1:$Z$1, 0)), VALUE(REGEXEXTRACT(C$20, ""\d+""))/100)"),70.2) -> 70.2 | D27: =IFERROR(__xludf.DUMMYFUNCTION("PERCENTILE(INDEX(Archetype_DB!$A$2:$Z1000, 0, MATCH($A27, Archetype_DB!$A$1:$Z$1, 0)), VALUE(REGEXEXTRACT(D$20, ""\d+""))/100)"),80.0) -> 80 | E27: =IFERROR(__xludf.DUMMYFUNCTION("PERCENTILE(INDEX(Archetype_DB!$A$2:$Z1000, 0, MATCH($A27, Archetype_DB!$A$1:$Z$1, 0)), VALUE(REGEXEXTRACT(E$20, ""\d+""))/100)"),82.0) -> 82 | F27: =IFERROR(__xludf.DUMMYFUNCTION("PERCENTILE(INDEX(Archetype_DB!$A$2:$Z1000, 0, MATCH($A27, Archetype_DB!$A$1:$Z$1, 0)), VALUE(REGEXEXTRACT(F$20, ""\d+""))/100)"),85.0) -> 85 | G27: =IFERROR(__xludf.DUMMYFUNCTION("PERCENTILE(INDEX(Archetype_DB!$A$2:$Z1000, 0, MATCH($A27, Archetype_DB!$A$1:$Z$1, 0)), VALUE(REGEXEXTRACT(G$20, ""\d+""))/100)"),90.0) -> 90 | H27: =IFERROR(__xludf.DUMMYFUNCTION("PERCENTILE(INDEX(Archetype_DB!$A$2:$Z1000, 0, MATCH($A27, Archetype_DB!$A$1:$Z$1, 0)), VALUE(REGEXEXTRACT(H$20, ""\d+""))/100)"),90.0) -> 90 | I27: =IFERROR(__xludf.DUMMYFUNCTION("PERCENTILE(INDEX(Archetype_DB!$A$2:$Z1000, 0, MATCH($A27, Archetype_DB!$A$1:$Z$1, 0)), VALUE(REGEXEXTRACT(I$20, ""\d+""))/100)"),95.38) -> 95.38
A28: Free Throw | B28: =IFERROR(__xludf.DUMMYFUNCTION("PERCENTILE(INDEX(Archetype_DB!$A$2:$Z1000, 0, MATCH($A28, Archetype_DB!$A$1:$Z$1, 0)), VALUE(REGEXEXTRACT(B$20, ""\d+""))/100)"),39.0) -> 39 | C28: =IFERROR(__xludf.DUMMYFUNCTION("PERCENTILE(INDEX(Archetype_DB!$A$2:$Z1000, 0, MATCH($A28, Archetype_DB!$A$1:$Z$1, 0)), VALUE(REGEXEXTRACT(C$20, ""\d+""))/100)"),56.0) -> 56 | D28: =IFERROR(__xludf.DUMMYFUNCTION("PERCENTILE(INDEX(Archetype_DB!$A$2:$Z1000, 0, MATCH($A28, Archetype_DB!$A$1:$Z$1, 0)), VALUE(REGEXEXTRACT(D$20, ""\d+""))/100)"),61.0) -> 61 | E28: =IFERROR(__xludf.DUMMYFUNCTION("PERCENTILE(INDEX(Archetype_DB!$A$2:$Z1000, 0, MATCH($A28, Archetype_DB!$A$1:$Z$1, 0)), VALUE(REGEXEXTRACT(E$20, ""\d+""))/100)"),70.0) -> 70 | F28: =IFERROR(__xludf.DUMMYFUNCTION("PERCENTILE(INDEX(Archetype_DB!$A$2:$Z1000, 0, MATCH($A28, Archetype_DB!$A$1:$Z$1, 0)), VALUE(REGEXEXTRACT(F$20, ""\d+""))/100)"),78.0) -> 78 | G28: =IFERROR(__xludf.DUMMYFUNCTION("PERCENTILE(INDEX(Archetype_DB!$A$2:$Z1000, 0, MATCH($A28, Archetype_DB!$A$1:$Z$1, 0)), VALUE(REGEXEXTRACT(G$20, ""\d+""))/100)"),85.0) -> 85 | H28: =IFERROR(__xludf.DUMMYFUNCTION("PERCENTILE(INDEX(Archetype_DB!$A$2:$Z1000, 0, MATCH($A28, Archetype_DB!$A$1:$Z$1, 0)), VALUE(REGEXEXTRACT(H$20, ""\d+""))/100)"),91.0) -> 91 | I28: =IFERROR(__xludf.DUMMYFUNCTION("PERCENTILE(INDEX(Archetype_DB!$A$2:$Z1000, 0, MATCH($A28, Archetype_DB!$A$1:$Z$1, 0)), VALUE(REGEXEXTRACT(I$20, ""\d+""))/100)"),98.85000000000002) -> 98.85
A29: Pass Accuracy | B29: =IFERROR(__xludf.DUMMYFUNCTION("PERCENTILE(INDEX(Archetype_DB!$A$2:$Z1000, 0, MATCH($A29, Archetype_DB!$A$1:$Z$1, 0)), VALUE(REGEXEXTRACT(B$20, ""\d+""))/100)"),25.0) -> 25 | C29: =IFERROR(__xludf.DUMMYFUNCTION("PERCENTILE(INDEX(Archetype_DB!$A$2:$Z1000, 0, MATCH($A29, Archetype_DB!$A$1:$Z$1, 0)), VALUE(REGEXEXTRACT(C$20, ""\d+""))/100)"),60.0) -> 60 | D29: =IFERROR(__xludf.DUMMYFUNCTION("PERCENTILE(INDEX(Archetype_DB!$A$2:$Z1000, 0, MATCH($A29, Archetype_DB!$A$1:$Z$1, 0)), VALUE(REGEXEXTRACT(D$20, ""\d+""))/100)"),70.0) -> 70 | E29: =IFERROR(__xludf.DUMMYFUNCTION("PERCENTILE(INDEX(Archetype_DB!$A$2:$Z1000, 0, MATCH($A29, Archetype_DB!$A$1:$Z$1, 0)), VALUE(REGEXEXTRACT(E$20, ""\d+""))/100)"),76.0) -> 76 | F29: =IFERROR(__xludf.DUMMYFUNCTION("PERCENTILE(INDEX(Archetype_DB!$A$2:$Z1000, 0, MATCH($A29, Archetype_DB!$A$1:$Z$1, 0)), VALUE(REGEXEXTRACT(F$20, ""\d+""))/100)"),85.0) -> 85 | G29: =IFERROR(__xludf.DUMMYFUNCTION("PERCENTILE(INDEX(Archetype_DB!$A$2:$Z1000, 0, MATCH($A29, Archetype_DB!$A$1:$Z$1, 0)), VALUE(REGEXEXTRACT(G$20, ""\d+""))/100)"),87.0) -> 87 | H29: =IFERROR(__xludf.DUMMYFUNCTION("PERCENTILE(INDEX(Archetype_DB!$A$2:$Z1000, 0, MATCH($A29, Archetype_DB!$A$1:$Z$1, 0)), VALUE(REGEXEXTRACT(H$20, ""\d+""))/100)"),91.0) -> 91 | I29: =IFERROR(__xludf.DUMMYFUNCTION("PERCENTILE(INDEX(Archetype_DB!$A$2:$Z1000, 0, MATCH($A29, Archetype_DB!$A$1:$Z$1, 0)), VALUE(REGEXEXTRACT(I$20, ""\d+""))/100)"),95.0) -> 95
A30: Ball Handle | B30: =IFERROR(__xludf.DUMMYFUNCTION("PERCENTILE(INDEX(Archetype_DB!$A$2:$Z1000, 0, MATCH($A30, Archetype_DB!$A$1:$Z$1, 0)), VALUE(REGEXEXTRACT(B$20, ""\d+""))/100)"),38.9) -> 38.9 | C30: =IFERROR(__xludf.DUMMYFUNCTION("PERCENTILE(INDEX(Archetype_DB!$A$2:$Z1000, 0, MATCH($A30, Archetype_DB!$A$1:$Z$1, 0)), VALUE(REGEXEXTRACT(C$20, ""\d+""))/100)"),48.0) -> 48 | D30: =IFERROR(__xludf.DUMMYFUNCTION("PERCENTILE(INDEX(Archetype_DB!$A$2:$Z1000, 0, MATCH($A30, Archetype_DB!$A$1:$Z$1, 0)), VALUE(REGEXEXTRACT(D$20, ""\d+""))/100)"),60.0) -> 60 | E30: =IFERROR(__xludf.DUMMYFUNCTION("PERCENTILE(INDEX(Archetype_DB!$A$2:$Z1000, 0, MATCH($A30, Archetype_DB!$A$1:$Z$1, 0)), VALUE(REGEXEXTRACT(E$20, ""\d+""))/100)"),75.0) -> 75 | F30: =IFERROR(__xludf.DUMMYFUNCTION("PERCENTILE(INDEX(Archetype_DB!$A$2:$Z1000, 0, MATCH($A30, Archetype_DB!$A$1:$Z$1, 0)), VALUE(REGEXEXTRACT(F$20, ""\d+""))/100)"),81.0) -> 81 | G30: =IFERROR(__xludf.DUMMYFUNCTION("PERCENTILE(INDEX(Archetype_DB!$A$2:$Z1000, 0, MATCH($A30, Archetype_DB!$A$1:$Z$1, 0)), VALUE(REGEXEXTRACT(G$20, ""\d+""))/100)"),86.0) -> 86 | H30: =IFERROR(__xludf.DUMMYFUNCTION("PERCENTILE(INDEX(Archetype_DB!$A$2:$Z1000, 0, MATCH($A30, Archetype_DB!$A$1:$Z$1, 0)), VALUE(REGEXEXTRACT(H$20, ""\d+""))/100)"),86.0) -> 86 | I30: =IFERROR(__xludf.DUMMYFUNCTION("PERCENTILE(INDEX(Archetype_DB!$A$2:$Z1000, 0, MATCH($A30, Archetype_DB!$A$1:$Z$1, 0)), VALUE(REGEXEXTRACT(I$20, ""\d+""))/100)"),92.54999999999995) -> 92.55
A31: Speed With Ball | B31: =IFERROR(__xludf.DUMMYFUNCTION("PERCENTILE(INDEX(Archetype_DB!$A$2:$Z1000, 0, MATCH($A31, Archetype_DB!$A$1:$Z$1, 0)), VALUE(REGEXEXTRACT(B$20, ""\d+""))/100)"),25.0) -> 25 | C31: =IFERROR(__xludf.DUMMYFUNCTION("PERCENTILE(INDEX(Archetype_DB!$A$2:$Z1000, 0, MATCH($A31, Archetype_DB!$A$1:$Z$1, 0)), VALUE(REGEXEXTRACT(C$20, ""\d+""))/100)"),41.0) -> 41 | D31: =IFERROR(__xludf.DUMMYFUNCTION("PERCENTILE(INDEX(Archetype_DB!$A$2:$Z1000, 0, MATCH($A31, Archetype_DB!$A$1:$Z$1, 0)), VALUE(REGEXEXTRACT(D$20, ""\d+""))/100)"),55.0) -> 55 | E31: =IFERROR(__xludf.DUMMYFUNCTION("PERCENTILE(INDEX(Archetype_DB!$A$2:$Z1000, 0, MATCH($A31, Archetype_DB!$A$1:$Z$1, 0)), VALUE(REGEXEXTRACT(E$20, ""\d+""))/100)"),68.0) -> 68 | F31: =IFERROR(__xludf.DUMMYFUNCTION("PERCENTILE(INDEX(Archetype_DB!$A$2:$Z1000, 0, MATCH($A31, Archetype_DB!$A$1:$Z$1, 0)), VALUE(REGEXEXTRACT(F$20, ""\d+""))/100)"),75.0) -> 75 | G31: =IFERROR(__xludf.DUMMYFUNCTION("PERCENTILE(INDEX(Archetype_DB!$A$2:$Z1000, 0, MATCH($A31, Archetype_DB!$A$1:$Z$1, 0)), VALUE(REGEXEXTRACT(G$20, ""\d+""))/100)"),80.0) -> 80 | H31: =IFERROR(__xludf.DUMMYFUNCTION("PERCENTILE(INDEX(Archetype_DB!$A$2:$Z1000, 0, MATCH($A31, Archetype_DB!$A$1:$Z$1, 0)), VALUE(REGEXEXTRACT(H$20, ""\d+""))/100)"),84.89999999999998) -> 84.9 | I31: =IFERROR(__xludf.DUMMYFUNCTION("PERCENTILE(INDEX(Archetype_DB!$A$2:$Z1000, 0, MATCH($A31, Archetype_DB!$A$1:$Z$1, 0)), VALUE(REGEXEXTRACT(I$20, ""\d+""))/100)"),88.58000000000004) -> 88.58
A32: Interior Defense | B32: =IFERROR(__xludf.DUMMYFUNCTION("PERCENTILE(INDEX(Archetype_DB!$A$2:$Z1000, 0, MATCH($A32, Archetype_DB!$A$1:$Z$1, 0)), VALUE(REGEXEXTRACT(B$20, ""\d+""))/100)"),34.08) -> 34.08 | C32: =IFERROR(__xludf.DUMMYFUNCTION("PERCENTILE(INDEX(Archetype_DB!$A$2:$Z1000, 0, MATCH($A32, Archetype_DB!$A$1:$Z$1, 0)), VALUE(REGEXEXTRACT(C$20, ""\d+""))/100)"),60.0) -> 60 | D32: =IFERROR(__xludf.DUMMYFUNCTION("PERCENTILE(INDEX(Archetype_DB!$A$2:$Z1000, 0, MATCH($A32, Archetype_DB!$A$1:$Z$1, 0)), VALUE(REGEXEXTRACT(D$20, ""\d+""))/100)"),70.0) -> 70 | E32: =IFERROR(__xludf.DUMMYFUNCTION("PERCENTILE(INDEX(Archetype_DB!$A$2:$Z1000, 0, MATCH($A32, Archetype_DB!$A$1:$Z$1, 0)), VALUE(REGEXEXTRACT(E$20, ""\d+""))/100)"),80.0) -> 80 | F32: =IFERROR(__xludf.DUMMYFUNCTION("PERCENTILE(INDEX(Archetype_DB!$A$2:$Z1000, 0, MATCH($A32, Archetype_DB!$A$1:$Z$1, 0)), VALUE(REGEXEXTRACT(F$20, ""\d+""))/100)"),84.0) -> 84 | G32: =IFERROR(__xludf.DUMMYFUNCTION("PERCENTILE(INDEX(Archetype_DB!$A$2:$Z1000, 0, MATCH($A32, Archetype_DB!$A$1:$Z$1, 0)), VALUE(REGEXEXTRACT(G$20, ""\d+""))/100)"),88.0) -> 88 | H32: =IFERROR(__xludf.DUMMYFUNCTION("PERCENTILE(INDEX(Archetype_DB!$A$2:$Z1000, 0, MATCH($A32, Archetype_DB!$A$1:$Z$1, 0)), VALUE(REGEXEXTRACT(H$20, ""\d+""))/100)"),90.0) -> 90 | I32: =IFERROR(__xludf.DUMMYFUNCTION("PERCENTILE(INDEX(Archetype_DB!$A$2:$Z1000, 0, MATCH($A32, Archetype_DB!$A$1:$Z$1, 0)), VALUE(REGEXEXTRACT(I$20, ""\d+""))/100)"),92.92000000000007) -> 92.92
A33: Perimeter Defense | B33: =IFERROR(__xludf.DUMMYFUNCTION("PERCENTILE(INDEX(Archetype_DB!$A$2:$Z1000, 0, MATCH($A33, Archetype_DB!$A$1:$Z$1, 0)), VALUE(REGEXEXTRACT(B$20, ""\d+""))/100)"),35.0) -> 35 | C33: =IFERROR(__xludf.DUMMYFUNCTION("PERCENTILE(INDEX(Archetype_DB!$A$2:$Z1000, 0, MATCH($A33, Archetype_DB!$A$1:$Z$1, 0)), VALUE(REGEXEXTRACT(C$20, ""\d+""))/100)"),42.7) -> 42.7 | D33: =IFERROR(__xludf.DUMMYFUNCTION("PERCENTILE(INDEX(Archetype_DB!$A$2:$Z1000, 0, MATCH($A33, Archetype_DB!$A$1:$Z$1, 0)), VALUE(REGEXEXTRACT(D$20, ""\d+""))/100)"),61.0) -> 61 | E33: =IFERROR(__xludf.DUMMYFUNCTION("PERCENTILE(INDEX(Archetype_DB!$A$2:$Z1000, 0, MATCH($A33, Archetype_DB!$A$1:$Z$1, 0)), VALUE(REGEXEXTRACT(E$20, ""\d+""))/100)"),74.0) -> 74 | F33: =IFERROR(__xludf.DUMMYFUNCTION("PERCENTILE(INDEX(Archetype_DB!$A$2:$Z1000, 0, MATCH($A33, Archetype_DB!$A$1:$Z$1, 0)), VALUE(REGEXEXTRACT(F$20, ""\d+""))/100)"),82.0) -> 82 | G33: =IFERROR(__xludf.DUMMYFUNCTION("PERCENTILE(INDEX(Archetype_DB!$A$2:$Z1000, 0, MATCH($A33, Archetype_DB!$A$1:$Z$1, 0)), VALUE(REGEXEXTRACT(G$20, ""\d+""))/100)"),87.0) -> 87 | H33: =IFERROR(__xludf.DUMMYFUNCTION("PERCENTILE(INDEX(Archetype_DB!$A$2:$Z1000, 0, MATCH($A33, Archetype_DB!$A$1:$Z$1, 0)), VALUE(REGEXEXTRACT(H$20, ""\d+""))/100)"),92.0) -> 92 | I33: =IFERROR(__xludf.DUMMYFUNCTION("PERCENTILE(INDEX(Archetype_DB!$A$2:$Z1000, 0, MATCH($A33, Archetype_DB!$A$1:$Z$1, 0)), VALUE(REGEXEXTRACT(I$20, ""\d+""))/100)"),94.0) -> 94
A34: Steal | B34: =IFERROR(__xludf.DUMMYFUNCTION("PERCENTILE(INDEX(Archetype_DB!$A$2:$Z1000, 0, MATCH($A34, Archetype_DB!$A$1:$Z$1, 0)), VALUE(REGEXEXTRACT(B$20, ""\d+""))/100)"),33.0) -> 33 | C34: =IFERROR(__xludf.DUMMYFUNCTION("PERCENTILE(INDEX(Archetype_DB!$A$2:$Z1000, 0, MATCH($A34, Archetype_DB!$A$1:$Z$1, 0)), VALUE(REGEXEXTRACT(C$20, ""\d+""))/100)"),40.0) -> 40 | D34: =IFERROR(__xludf.DUMMYFUNCTION("PERCENTILE(INDEX(Archetype_DB!$A$2:$Z1000, 0, MATCH($A34, Archetype_DB!$A$1:$Z$1, 0)), VALUE(REGEXEXTRACT(D$20, ""\d+""))/100)"),48.0) -> 48 | E34: =IFERROR(__xludf.DUMMYFUNCTION("PERCENTILE(INDEX(Archetype_DB!$A$2:$Z1000, 0, MATCH($A34, Archetype_DB!$A$1:$Z$1, 0)), VALUE(REGEXEXTRACT(E$20, ""\d+""))/100)"),60.0) -> 60 | F34: =IFERROR(__xludf.DUMMYFUNCTION("PERCENTILE(INDEX(Archetype_DB!$A$2:$Z1000, 0, MATCH($A34, Archetype_DB!$A$1:$Z$1, 0)), VALUE(REGEXEXTRACT(F$20, ""\d+""))/100)"),75.0) -> 75 | G34: =IFERROR(__xludf.DUMMYFUNCTION("PERCENTILE(INDEX(Archetype_DB!$A$2:$Z1000, 0, MATCH($A34, Archetype_DB!$A$1:$Z$1, 0)), VALUE(REGEXEXTRACT(G$20, ""\d+""))/100)"),85.0) -> 85 | H34: =IFERROR(__xludf.DUMMYFUNCTION("PERCENTILE(INDEX(Archetype_DB!$A$2:$Z1000, 0, MATCH($A34, Archetype_DB!$A$1:$Z$1, 0)), VALUE(REGEXEXTRACT(H$20, ""\d+""))/100)"),89.0) -> 89 | I34: =IFERROR(__xludf.DUMMYFUNCTION("PERCENTILE(INDEX(Archetype_DB!$A$2:$Z1000, 0, MATCH($A34, Archetype_DB!$A$1:$Z$1, 0)), VALUE(REGEXEXTRACT(I$20, ""\d+""))/100)"),94.0) -> 94
A35: Block | B35: =IFERROR(__xludf.DUMMYFUNCTION("PERCENTILE(INDEX(Archetype_DB!$A$2:$Z1000, 0, MATCH($A35, Archetype_DB!$A$1:$Z$1, 0)), VALUE(REGEXEXTRACT(B$20, ""\d+""))/100)"),30.0) -> 30 | C35: =IFERROR(__xludf.DUMMYFUNCTION("PERCENTILE(INDEX(Archetype_DB!$A$2:$Z1000, 0, MATCH($A35, Archetype_DB!$A$1:$Z$1, 0)), VALUE(REGEXEXTRACT(C$20, ""\d+""))/100)"),50.0) -> 50 | D35: =IFERROR(__xludf.DUMMYFUNCTION("PERCENTILE(INDEX(Archetype_DB!$A$2:$Z1000, 0, MATCH($A35, Archetype_DB!$A$1:$Z$1, 0)), VALUE(REGEXEXTRACT(D$20, ""\d+""))/100)"),74.0) -> 74 | E35: =IFERROR(__xludf.DUMMYFUNCTION("PERCENTILE(INDEX(Archetype_DB!$A$2:$Z1000, 0, MATCH($A35, Archetype_DB!$A$1:$Z$1, 0)), VALUE(REGEXEXTRACT(E$20, ""\d+""))/100)"),80.0) -> 80 | F35: =IFERROR(__xludf.DUMMYFUNCTION("PERCENTILE(INDEX(Archetype_DB!$A$2:$Z1000, 0, MATCH($A35, Archetype_DB!$A$1:$Z$1, 0)), VALUE(REGEXEXTRACT(F$20, ""\d+""))/100)"),86.25) -> 86.25 | G35: =IFERROR(__xludf.DUMMYFUNCTION("PERCENTILE(INDEX(Archetype_DB!$A$2:$Z1000, 0, MATCH($A35, Archetype_DB!$A$1:$Z$1, 0)), VALUE(REGEXEXTRACT(G$20, ""\d+""))/100)"),93.0) -> 93 | H35: =IFERROR(__xludf.DUMMYFUNCTION("PERCENTILE(INDEX(Archetype_DB!$A$2:$Z1000, 0, MATCH($A35, Archetype_DB!$A$1:$Z$1, 0)), VALUE(REGEXEXTRACT(H$20, ""\d+""))/100)"),93.0) -> 93 | I35: =IFERROR(__xludf.DUMMYFUNCTION("PERCENTILE(INDEX(Archetype_DB!$A$2:$Z1000, 0, MATCH($A35, Archetype_DB!$A$1:$Z$1, 0)), VALUE(REGEXEXTRACT(I$20, ""\d+""))/100)"),95.0) -> 95
A36: Offensive Rebound | B36: =IFERROR(__xludf.DUMMYFUNCTION("PERCENTILE(INDEX(Archetype_DB!$A$2:$Z1000, 0, MATCH($A36, Archetype_DB!$A$1:$Z$1, 0)), VALUE(REGEXEXTRACT(B$20, ""\d+""))/100)"),25.0) -> 25 | C36: =IFERROR(__xludf.DUMMYFUNCTION("PERCENTILE(INDEX(Archetype_DB!$A$2:$Z1000, 0, MATCH($A36, Archetype_DB!$A$1:$Z$1, 0)), VALUE(REGEXEXTRACT(C$20, ""\d+""))/100)"),39.0) -> 39 | D36: =IFERROR(__xludf.DUMMYFUNCTION("PERCENTILE(INDEX(Archetype_DB!$A$2:$Z1000, 0, MATCH($A36, Archetype_DB!$A$1:$Z$1, 0)), VALUE(REGEXEXTRACT(D$20, ""\d+""))/100)"),59.0) -> 59 | E36: =IFERROR(__xludf.DUMMYFUNCTION("PERCENTILE(INDEX(Archetype_DB!$A$2:$Z1000, 0, MATCH($A36, Archetype_DB!$A$1:$Z$1, 0)), VALUE(REGEXEXTRACT(E$20, ""\d+""))/100)"),74.0) -> 74 | F36: =IFERROR(__xludf.DUMMYFUNCTION("PERCENTILE(INDEX(Archetype_DB!$A$2:$Z1000, 0, MATCH($A36, Archetype_DB!$A$1:$Z$1, 0)), VALUE(REGEXEXTRACT(F$20, ""\d+""))/100)"),84.0) -> 84 | G36: =IFERROR(__xludf.DUMMYFUNCTION("PERCENTILE(INDEX(Archetype_DB!$A$2:$Z1000, 0, MATCH($A36, Archetype_DB!$A$1:$Z$1, 0)), VALUE(REGEXEXTRACT(G$20, ""\d+""))/100)"),92.0) -> 92 | H36: =IFERROR(__xludf.DUMMYFUNCTION("PERCENTILE(INDEX(Archetype_DB!$A$2:$Z1000, 0, MATCH($A36, Archetype_DB!$A$1:$Z$1, 0)), VALUE(REGEXEXTRACT(H$20, ""\d+""))/100)"),94.0) -> 94 | I36: =IFERROR(__xludf.DUMMYFUNCTION("PERCENTILE(INDEX(Archetype_DB!$A$2:$Z1000, 0, MATCH($A36, Archetype_DB!$A$1:$Z$1, 0)), VALUE(REGEXEXTRACT(I$20, ""\d+""))/100)"),97.0) -> 97
A37: Defensive Rebound | B37: =IFERROR(__xludf.DUMMYFUNCTION("PERCENTILE(INDEX(Archetype_DB!$A$2:$Z1000, 0, MATCH($A37, Archetype_DB!$A$1:$Z$1, 0)), VALUE(REGEXEXTRACT(B$20, ""\d+""))/100)"),39.16) -> 39.16 | C37: =IFERROR(__xludf.DUMMYFUNCTION("PERCENTILE(INDEX(Archetype_DB!$A$2:$Z1000, 0, MATCH($A37, Archetype_DB!$A$1:$Z$1, 0)), VALUE(REGEXEXTRACT(C$20, ""\d+""))/100)"),55.0) -> 55 | D37: =IFERROR(__xludf.DUMMYFUNCTION("PERCENTILE(INDEX(Archetype_DB!$A$2:$Z1000, 0, MATCH($A37, Archetype_DB!$A$1:$Z$1, 0)), VALUE(REGEXEXTRACT(D$20, ""\d+""))/100)"),70.0) -> 70 | E37: =IFERROR(__xludf.DUMMYFUNCTION("PERCENTILE(INDEX(Archetype_DB!$A$2:$Z1000, 0, MATCH($A37, Archetype_DB!$A$1:$Z$1, 0)), VALUE(REGEXEXTRACT(E$20, ""\d+""))/100)"),81.0) -> 81 | F37: =IFERROR(__xludf.DUMMYFUNCTION("PERCENTILE(INDEX(Archetype_DB!$A$2:$Z1000, 0, MATCH($A37, Archetype_DB!$A$1:$Z$1, 0)), VALUE(REGEXEXTRACT(F$20, ""\d+""))/100)"),90.0) -> 90 | G37: =IFERROR(__xludf.DUMMYFUNCTION("PERCENTILE(INDEX(Archetype_DB!$A$2:$Z1000, 0, MATCH($A37, Archetype_DB!$A$1:$Z$1, 0)), VALUE(REGEXEXTRACT(G$20, ""\d+""))/100)"),94.0) -> 94 | H37: =IFERROR(__xludf.DUMMYFUNCTION("PERCENTILE(INDEX(Archetype_DB!$A$2:$Z1000, 0, MATCH($A37, Archetype_DB!$A$1:$Z$1, 0)), VALUE(REGEXEXTRACT(H$20, ""\d+""))/100)"),95.0) -> 95 | I37: =IFERROR(__xludf.DUMMYFUNCTION("PERCENTILE(INDEX(Archetype_DB!$A$2:$Z1000, 0, MATCH($A37, Archetype_DB!$A$1:$Z$1, 0)), VALUE(REGEXEXTRACT(I$20, ""\d+""))/100)"),97.0) -> 97
A38: Speed | B38: =IFERROR(__xludf.DUMMYFUNCTION("PERCENTILE(INDEX(Archetype_DB!$A$2:$Z1000, 0, MATCH($A38, Archetype_DB!$A$1:$Z$1, 0)), VALUE(REGEXEXTRACT(B$20, ""\d+""))/100)"),50.0) -> 50 | C38: =IFERROR(__xludf.DUMMYFUNCTION("PERCENTILE(INDEX(Archetype_DB!$A$2:$Z1000, 0, MATCH($A38, Archetype_DB!$A$1:$Z$1, 0)), VALUE(REGEXEXTRACT(C$20, ""\d+""))/100)"),65.0) -> 65 | D38: =IFERROR(__xludf.DUMMYFUNCTION("PERCENTILE(INDEX(Archetype_DB!$A$2:$Z1000, 0, MATCH($A38, Archetype_DB!$A$1:$Z$1, 0)), VALUE(REGEXEXTRACT(D$20, ""\d+""))/100)"),71.0) -> 71 | E38: =IFERROR(__xludf.DUMMYFUNCTION("PERCENTILE(INDEX(Archetype_DB!$A$2:$Z1000, 0, MATCH($A38, Archetype_DB!$A$1:$Z$1, 0)), VALUE(REGEXEXTRACT(E$20, ""\d+""))/100)"),80.0) -> 80 | F38: =IFERROR(__xludf.DUMMYFUNCTION("PERCENTILE(INDEX(Archetype_DB!$A$2:$Z1000, 0, MATCH($A38, Archetype_DB!$A$1:$Z$1, 0)), VALUE(REGEXEXTRACT(F$20, ""\d+""))/100)"),84.0) -> 84 | G38: =IFERROR(__xludf.DUMMYFUNCTION("PERCENTILE(INDEX(Archetype_DB!$A$2:$Z1000, 0, MATCH($A38, Archetype_DB!$A$1:$Z$1, 0)), VALUE(REGEXEXTRACT(G$20, ""\d+""))/100)"),87.0) -> 87 | H38: =IFERROR(__xludf.DUMMYFUNCTION("PERCENTILE(INDEX(Archetype_DB!$A$2:$Z1000, 0, MATCH($A38, Archetype_DB!$A$1:$Z$1, 0)), VALUE(REGEXEXTRACT(H$20, ""\d+""))/100)"),90.0) -> 90 | I38: =IFERROR(__xludf.DUMMYFUNCTION("PERCENTILE(INDEX(Archetype_DB!$A$2:$Z1000, 0, MATCH($A38, Archetype_DB!$A$1:$Z$1, 0)), VALUE(REGEXEXTRACT(I$20, ""\d+""))/100)"),93.0) -> 93
A39: Agility | B39: =IFERROR(__xludf.DUMMYFUNCTION("PERCENTILE(INDEX(Archetype_DB!$A$2:$Z1000, 0, MATCH($A39, Archetype_DB!$A$1:$Z$1, 0)), VALUE(REGEXEXTRACT(B$20, ""\d+""))/100)"),38.0) -> 38 | C39: =IFERROR(__xludf.DUMMYFUNCTION("PERCENTILE(INDEX(Archetype_DB!$A$2:$Z1000, 0, MATCH($A39, Archetype_DB!$A$1:$Z$1, 0)), VALUE(REGEXEXTRACT(C$20, ""\d+""))/100)"),51.0) -> 51 | D39: =IFERROR(__xludf.DUMMYFUNCTION("PERCENTILE(INDEX(Archetype_DB!$A$2:$Z1000, 0, MATCH($A39, Archetype_DB!$A$1:$Z$1, 0)), VALUE(REGEXEXTRACT(D$20, ""\d+""))/100)"),61.0) -> 61 | E39: =IFERROR(__xludf.DUMMYFUNCTION("PERCENTILE(INDEX(Archetype_DB!$A$2:$Z1000, 0, MATCH($A39, Archetype_DB!$A$1:$Z$1, 0)), VALUE(REGEXEXTRACT(E$20, ""\d+""))/100)"),74.0) -> 74 | F39: =IFERROR(__xludf.DUMMYFUNCTION("PERCENTILE(INDEX(Archetype_DB!$A$2:$Z1000, 0, MATCH($A39, Archetype_DB!$A$1:$Z$1, 0)), VALUE(REGEXEXTRACT(F$20, ""\d+""))/100)"),80.0) -> 80 | G39: =IFERROR(__xludf.DUMMYFUNCTION("PERCENTILE(INDEX(Archetype_DB!$A$2:$Z1000, 0, MATCH($A39, Archetype_DB!$A$1:$Z$1, 0)), VALUE(REGEXEXTRACT(G$20, ""\d+""))/100)"),83.0) -> 83 | H39: =IFERROR(__xludf.DUMMYFUNCTION("PERCENTILE(INDEX(Archetype_DB!$A$2:$Z1000, 0, MATCH($A39, Archetype_DB!$A$1:$Z$1, 0)), VALUE(REGEXEXTRACT(H$20, ""\d+""))/100)"),85.0) -> 85 | I39: =IFERROR(__xludf.DUMMYFUNCTION("PERCENTILE(INDEX(Archetype_DB!$A$2:$Z1000, 0, MATCH($A39, Archetype_DB!$A$1:$Z$1, 0)), VALUE(REGEXEXTRACT(I$20, ""\d+""))/100)"),88.63) -> 88.63
A40: Strength | B40: =IFERROR(__xludf.DUMMYFUNCTION("PERCENTILE(INDEX(Archetype_DB!$A$2:$Z1000, 0, MATCH($A40, Archetype_DB!$A$1:$Z$1, 0)), VALUE(REGEXEXTRACT(B$20, ""\d+""))/100)"),47.0) -> 47 | C40: =IFERROR(__xludf.DUMMYFUNCTION("PERCENTILE(INDEX(Archetype_DB!$A$2:$Z1000, 0, MATCH($A40, Archetype_DB!$A$1:$Z$1, 0)), VALUE(REGEXEXTRACT(C$20, ""\d+""))/100)"),65.0) -> 65 | D40: =IFERROR(__xludf.DUMMYFUNCTION("PERCENTILE(INDEX(Archetype_DB!$A$2:$Z1000, 0, MATCH($A40, Archetype_DB!$A$1:$Z$1, 0)), VALUE(REGEXEXTRACT(D$20, ""\d+""))/100)"),73.0) -> 73 | E40: =IFERROR(__xludf.DUMMYFUNCTION("PERCENTILE(INDEX(Archetype_DB!$A$2:$Z1000, 0, MATCH($A40, Archetype_DB!$A$1:$Z$1, 0)), VALUE(REGEXEXTRACT(E$20, ""\d+""))/100)"),83.0) -> 83 | F40: =IFERROR(__xludf.DUMMYFUNCTION("PERCENTILE(INDEX(Archetype_DB!$A$2:$Z1000, 0, MATCH($A40, Archetype_DB!$A$1:$Z$1, 0)), VALUE(REGEXEXTRACT(F$20, ""\d+""))/100)"),86.0) -> 86 | G40: =IFERROR(__xludf.DUMMYFUNCTION("PERCENTILE(INDEX(Archetype_DB!$A$2:$Z1000, 0, MATCH($A40, Archetype_DB!$A$1:$Z$1, 0)), VALUE(REGEXEXTRACT(G$20, ""\d+""))/100)"),91.0) -> 91 | H40: =IFERROR(__xludf.DUMMYFUNCTION("PERCENTILE(INDEX(Archetype_DB!$A$2:$Z1000, 0, MATCH($A40, Archetype_DB!$A$1:$Z$1, 0)), VALUE(REGEXEXTRACT(H$20, ""\d+""))/100)"),91.19999999999993) -> 91.2 | I40: =IFERROR(__xludf.DUMMYFUNCTION("PERCENTILE(INDEX(Archetype_DB!$A$2:$Z1000, 0, MATCH($A40, Archetype_DB!$A$1:$Z$1, 0)), VALUE(REGEXEXTRACT(I$20, ""\d+""))/100)"),95.0) -> 95
A41: Vertical | B41: =IFERROR(__xludf.DUMMYFUNCTION("PERCENTILE(INDEX(Archetype_DB!$A$2:$Z1000, 0, MATCH($A41, Archetype_DB!$A$1:$Z$1, 0)), VALUE(REGEXEXTRACT(B$20, ""\d+""))/100)"),55.43) -> 55.43 | C41: =IFERROR(__xludf.DUMMYFUNCTION("PERCENTILE(INDEX(Archetype_DB!$A$2:$Z1000, 0, MATCH($A41, Archetype_DB!$A$1:$Z$1, 0)), VALUE(REGEXEXTRACT(C$20, ""\d+""))/100)"),70.0) -> 70 | D41: =IFERROR(__xludf.DUMMYFUNCTION("PERCENTILE(INDEX(Archetype_DB!$A$2:$Z1000, 0, MATCH($A41, Archetype_DB!$A$1:$Z$1, 0)), VALUE(REGEXEXTRACT(D$20, ""\d+""))/100)"),75.0) -> 75 | E41: =IFERROR(__xludf.DUMMYFUNCTION("PERCENTILE(INDEX(Archetype_DB!$A$2:$Z1000, 0, MATCH($A41, Archetype_DB!$A$1:$Z$1, 0)), VALUE(REGEXEXTRACT(E$20, ""\d+""))/100)"),80.0) -> 80 | F41: =IFERROR(__xludf.DUMMYFUNCTION("PERCENTILE(INDEX(Archetype_DB!$A$2:$Z1000, 0, MATCH($A41, Archetype_DB!$A$1:$Z$1, 0)), VALUE(REGEXEXTRACT(F$20, ""\d+""))/100)"),83.0) -> 83 | G41: =IFERROR(__xludf.DUMMYFUNCTION("PERCENTILE(INDEX(Archetype_DB!$A$2:$Z1000, 0, MATCH($A41, Archetype_DB!$A$1:$Z$1, 0)), VALUE(REGEXEXTRACT(G$20, ""\d+""))/100)"),86.0) -> 86 | H41: =IFERROR(__xludf.DUMMYFUNCTION("PERCENTILE(INDEX(Archetype_DB!$A$2:$Z1000, 0, MATCH($A41, Archetype_DB!$A$1:$Z$1, 0)), VALUE(REGEXEXTRACT(H$20, ""\d+""))/100)"),88.0) -> 88 | I41: =IFERROR(__xludf.DUMMYFUNCTION("PERCENTILE(INDEX(Archetype_DB!$A$2:$Z1000, 0, MATCH($A41, Archetype_DB!$A$1:$Z$1, 0)), VALUE(REGEXEXTRACT(I$20, ""\d+""))/100)"),90.57000000000005) -> 90.57
A42: OIQ | B42: 25 | C42: 60 | D42: 70 | E42: 76 | F42: 85 | G42: 87 | H42: 91 | I42: 95
A44: Stat | B44: 1st | C44: 10th | D44: 25th | E44: 50th | F44: 75th | G44: 90th | H44: 95th | I44: 99th
A45: Hgt | B45: 23 | C45: 33 | D45: 40 | E45: 47 | F45: 55 | G45: 62 | H45: 66 | I45: 74
A46: Stre | B46: 23 | C46: 39 | D46: 44 | E46: 49 | F46: 55 | G46: 63 | H46: 68 | I46: 78
A47: Spd | B47: 32 | C47: 42 | D47: 46 | E47: 52 | F47: 60 | G47: 68 | H47: 72 | I47: 82
A48: Jmp | B48: 29 | C48: 40 | D48: 45 | E48: 50 | F48: 59 | G48: 67 | H48: 71 | I48: 81
A49: Endu | B49: 17 | C49: 32 | D49: 36 | E49: 41 | F49: 49 | G49: 59 | H49: 65 | I49: 82
A50: Ins | B50: 17.88 | C50: 29 | D50: 36 | E50: 41 | F50: 47 | G50: 56 | H50: 62 | I50: 79.12
A51: Dnk | B51: 21 | C51: 38 | D51: 44 | E51: 49 | F51: 56 | G51: 65 | H51: 71 | I51: 87
A52: FT | B52: 10.88 | C52: 32 | D52: 39 | E52: 45 | F52: 55 | G52: 63 | H52: 67 | I52: 75.12
A53: Mid | B53: 20 | C53: 33 | D53: 39 | E53: 46 | F53: 56 | G53: 67 | H53: 75 | I53: 89
A54: TP | B54: 1 | C54: 20 | D54: 28 | E54: 41 | F54: 51 | G54: 64 | H54: 71 | I54: 86.12
A55: OIQ | B55: 28 | C55: 37 | D55: 40 | E55: 45 | F55: 52 | G55: 59 | H55: 65 | I55: 78
A56: DIQ | B56: 26 | C56: 36 | D56: 40 | E56: 45 | F56: 51 | G56: 57 | H56: 61 | I56: 72
... A59: Reb | B59: 32 | C59: 41 | D59: 45 | E59: 50 | F59: 55 | G59: 63 | H59: 69 | I59: 81

Sheet Archetype_Finder
A1: Hgt | B1: Stre | C1: Spd | D1: Jmp | E1: Endu | F1: Ins | G1: Dnk | H1: FT | I1: Mid | J1: TP | K1: OIQ | L1: DIQ | M1: Drb | N1: Pss | O1: Reb | Q1: Close Shot | R1: Driving Layup | S1: Driving Dunk | U1: Post Control | V1: Midrange Shot | W1: Threepoint Shot | X1: Free Throw | Y1: Pass Accuracy | Z1: Ball Handle | AA1: Speed With Ball | AB1: OIQ | AC1: Interior Defense | AD1: Perimeter Defense | AG1: Offensive Rebound | AH1: Defensive Rebound | AI1: Speed | AJ1: Agility | AK1: Strength | AL1: Vertical | AM1: Magnitude | AN1: User Height (Inches)
A2: 40 | B2: 66 | C2: 52 | D2: 58 | E2: 64 | F2: 45 | G2: 60 | H2: 65 | I2: 64 | J2: 72 | K2: 75 | L2: 66 | M2: 56 | N2: 51 | O2: 51 | Q2: {=LET(x, 0.6*F2 + 0.25*B2 + 0.15*K2, x_range, Percentiles!$B$50:$I$50, y_range, Translation_Matrix!$B$12:$I$12, matchIdx, IFNA(MATCH(x, x_range, 1), 1), colIdx, MIN(7, MAX(1, matchIdx)), IF(x <= INDEX(x_range, 1), INDEX(y_range, 1), IF(x >= INDEX(x_range, 8), INDEX(y_range, 8), FORECAST(x, OFFSET(INDEX(y_range, 1), 0, colIdx - 1, 1, 2), OFFSET(INDEX(x_range, 1), 0, colIdx - 1, 1, 2)))))} -> 88.305556 | R2: {=LET(x, 0.5*F2 + 0.3*C2 + 0.2*D2, x_range, Percentiles!$B$50:$I$50, y_range, Translation_Matrix!$B$13:$I$13, matchIdx, IFNA(MATCH(x, x_range, 1), 1), colIdx, MIN(7, MAX(1, matchIdx)), IF(x <= INDEX(x_range, 1), INDEX(y_range, 1), IF(x >= INDEX(x_range, 8), INDEX(y_range, 8), FORECAST(x, OFFSET(INDEX(y_range, 1), 0, colIdx - 1, 1, 2), OFFSET(INDEX(x_range, 1), 0, colIdx - 1, 1, 2)))))} -> 83.1 | S2: {=LET(x, LET(drv, 0.5*G2 + 0.3*C2 + 0.2*D2, std, 0.65*G2 + 0.25*A2 + 0.1*D2, IF($AN$2 > 80, (drv + std) / 2, drv)), x_range, Percentiles!$B$51:$I$51, y_range, Translation_Matrix!$B$16:$I$16, matchIdx, IFNA(MATCH(x, x_range, 1), 1), colIdx, MIN(7, MAX(1, matchIdx)), IF(x <= INDEX(x_range, 1), INDEX(y_range, 1), IF(x >= INDEX(x_range, 8), INDEX(y_range, 8), FORECAST(x, OFFSET(INDEX(y_range, 1), 0, colIdx - 1, 1, 2), OFFSET(INDEX(x_range, 1), 0, colIdx - 1, 1, 2)))))} -> 89.533333 | U2: {=LET(x, 0.65*F2 + 0.2*B2 + 0.15*K2, x_range, Percentiles!$B$50:$I$50, y_range, Translation_Matrix!$B$14:$I$14, matchIdx, IFNA(MATCH(x, x_range, 1), 1), colIdx, MIN(7, MAX(1, matchIdx)), IF(x <= INDEX(x_range, 1), INDEX(y_range, 1), IF(x >= INDEX(x_range, 8), INDEX(y_range, 8), FORECAST(x, OFFSET(INDEX(y_range, 1), 0, colIdx - 1, 1, 2), OFFSET(INDEX(x_range, 1), 0, colIdx - 1, 1, 2)))))} -> 84.955556 | V2: {=LET(x, (0.7*I2)+(0.15*K2)+(0.15*H2), x_range, Percentiles!$B$53:$I$53, y_range, Translation_Matrix!$B$21:$I$21, matchIdx, IFNA(MATCH(x, x_range, 1), 1), colIdx, MIN(7, MAX(1, matchIdx)), IF(x <= INDEX(x_range, 1), INDEX(y_range, 1), IF(x >= INDEX(x_range, 8), INDEX(y_range, 8), FORECAST(x, OFFSET(INDEX(y_range, 1), 0, colIdx - 1, 1, 2), OFFSET(INDEX(x_range, 1), 0, colIdx - 1, 1, 2)))))} -> 89.563636 | W2: {=LET(x, 1*J2, x_range, Percentiles!$B$54:$I$54, y_range, Translation_Matrix!$B$23:$I$23, matchIdx, IFNA(MATCH(x, x_range, 1), 1), colIdx, MIN(7, MAX(1, matchIdx)), IF(x <= INDEX(x_range, 1), INDEX(y_range, 1), IF(x >= INDEX(x_range, 8), INDEX(y_range, 8), FORECAST(x, OFFSET(INDEX(y_range, 1), 0, colIdx - 1, 1, 2), OFFSET(INDEX(x_range, 1), 0, colIdx - 1, 1, 2)))))} -> 90.35582 | X2: {=LET(x, 1*H2, x_range, Percentiles!$B$52:$I$52, y_range, Translation_Matrix!$B$19:$I$19, matchIdx, IFNA(MATCH(x, x_range, 1), 1), colIdx, MIN(7, MAX(1, matchIdx)), IF(x <= INDEX(x_range, 1), INDEX(y_range, 1), IF(x >= INDEX(x_range, 8), INDEX(y_range, 8), FORECAST(x, OFFSET(INDEX(y_range, 1), 0, colIdx - 1, 1, 2), OFFSET(INDEX(x_range, 1), 0, colIdx - 1, 1, 2)))))} -> 88 | Y2: {=LET(x, 0.5*N2 + 0.5*K2, x_range, Percentiles!$B$58:$I$58, y_range, Translation_Matrix!$B$34:$I$34, matchIdx, IFNA(MATCH(x, x_range, 1), 1), colIdx, MIN(7, MAX(1, matchIdx)), IF(x <= INDEX(x_range, 1), INDEX(y_range, 1), IF(x >= INDEX(x_range, 8), INDEX(y_range, 8), FORECAST(x, OFFSET(INDEX(y_range, 1), 0, colIdx - 1, 1, 2), OFFSET(INDEX(x_range, 1), 0, colIdx - 1, 1, 2)))))} -> 87 | Z2: {=LET(x, 0.5*M2 + 0.5*K2, x_range, Percentiles!$B$57:$I$57, y_range, Translation_Matrix!$B$31:$I$31, matchIdx, IFNA(MATCH(x, x_range, 1), 1), colIdx, MIN(7, MAX(1, matchIdx)), IF(x <= INDEX(x_range, 1), INDEX(y_range, 1), IF(x >= INDEX(x_range, 8), INDEX(y_range, 8), FORECAST(x, OFFSET(INDEX(y_range, 1), 0, colIdx - 1, 1, 2), OFFSET(INDEX(x_range, 1), 0, colIdx - 1, 1, 2)))))} -> 86 | AA2: {=LET(x, 0.5*M2 + 0.5*K2, x_range, Percentiles!$B$57:$I$57, y_range, Translation_Matrix!$B$32:$I$32, matchIdx, IFNA(MATCH(x, x_range, 1), 1), colIdx, MIN(7, MAX(1, matchIdx)), IF(x <= INDEX(x_range, 1), INDEX(y_range, 1), IF(x >= INDEX(x_range, 8), INDEX(y_range, 8), FORECAST(x, OFFSET(INDEX(y_range, 1), 0, colIdx - 1, 1, 2), OFFSET(INDEX(x_range, 1), 0, colIdx - 1, 1, 2)))))} -> 80.49 | AB2: {=LET(x, 1*K2, x_range, Percentiles!$B$55:$I$55, y_range, Translation_Matrix!$B$24:$I$24, matchIdx, IFNA(MATCH(x, x_range, 1), 1), colIdx, MIN(7, MAX(1, matchIdx)), IF(x <= INDEX(x_range, 1), INDEX(y_range, 1), IF(x >= INDEX(x_range, 8), INDEX(y_range, 8), FORECAST(x, OFFSET(INDEX(y_range, 1), 0, colIdx - 1, 1, 2), OFFSET(INDEX(x_range, 1), 0, colIdx - 1, 1, 2)))))} -> 94.076923 | AC2: {=LET(x, 0.55*L2 + 0.3*A2 + 0.15*B2, x_range, Percentiles!$B$56:$I$56, y_range, Translation_Matrix!$B$26:$I$26, matchIdx, IFNA(MATCH(x, x_range, 1), 1), colIdx, MIN(7, MAX(1, matchIdx)), IF(x <= INDEX(x_range, 1), INDEX(y_range, 1), IF(x >= INDEX(x_range, 8), INDEX(y_range, 8), FORECAST(x, OFFSET(INDEX(y_range, 1), 0, colIdx - 1, 1, 2), OFFSET(INDEX(x_range, 1), 0, colIdx - 1, 1, 2)))))} -> 88.6 | AD2: {=LET(x, 0.55*L2 + 0.25*C2 + 0.2*D2, x_range, Percentiles!$B$56:$I$56, y_range, Translation_Matrix!$B$27:$I$27, matchIdx, IFNA(MATCH(x, x_range, 1), 1), colIdx, MIN(7, MAX(1, matchIdx)), IF(x <= INDEX(x_range, 1), INDEX(y_range, 1), IF(x >= INDEX(x_range, 8), INDEX(y_range, 8), FORECAST(x, OFFSET(INDEX(y_range, 1), 0, colIdx - 1, 1, 2), OFFSET(INDEX(x_range, 1), 0, colIdx - 1, 1, 2)))))} -> 91.875 | AG2: {=LET(x, 0.6*O2 + 0.25*D2 + 0.15*B2, x_range, Percentiles!$B$59:$I$59, y_range, Translation_Matrix!$B$36:$I$36, matchIdx, IFNA(MATCH(x, x_range, 1), 1), colIdx, MIN(7, MAX(1, matchIdx)), IF(x <= INDEX(x_range, 1), INDEX(y_range, 1), IF(x >= INDEX(x_range, 8), INDEX(y_range, 8), FORECAST(x, OFFSET(INDEX(y_range, 1), 0, colIdx - 1, 1, 2), OFFSET(INDEX(x_range, 1), 0, colIdx - 1, 1, 2)))))} -> 84 | AH2: {=LET(x, 0.65*O2 + 0.2*A2 + 0.15*L2, x_range, Percentiles!$B$59:$I$59, y_range, Translation_Matrix!$B$37:$I$37, matchIdx, IFNA(MATCH(x, x_range, 1), 1), colIdx, MIN(7, MAX(1, matchIdx)), IF(x <= INDEX(x_range, 1), INDEX(y_range, 1), IF(x >= INDEX(x_range, 8), INDEX(y_range, 8), FORECAST(x, OFFSET(INDEX(y_range, 1), 0, colIdx - 1, 1, 2), OFFSET(INDEX(x_range, 1), 0, colIdx - 1, 1, 2)))))} -> 82.89 | AI2: {=LET(x, 0.6*C2 + 0.3*D2 + 0.1*E2, x_range, Percentiles!$B$47:$I$47, y_range, Translation_Matrix!$B$6:$I$6, matchIdx, IFNA(MATCH(x, x_range, 1), 1), colIdx, MIN(7, MAX(1, matchIdx)), IF(x <= INDEX(x_range, 1), INDEX(y_range, 1), IF(x >= INDEX(x_range, 8), INDEX(y_range, 8), FORECAST(x, OFFSET(INDEX(y_range, 1), 0, colIdx - 1, 1, 2), OFFSET(INDEX(x_range, 1), 0, colIdx - 1, 1, 2)))))} -> 81.5 | AJ2: {=LET(x, 0.5*C2 + 0.25*M2 + 0.15*D2 + 0.1*E2, x_range, Percentiles!$B$47:$I$47, y_range, Translation_Matrix!$B$7:$I$7, matchIdx, IFNA(MATCH(x, x_range, 1), 1), colIdx, MIN(7, MAX(1, matchIdx)), IF(x <= INDEX(x_range, 1), INDEX(y_range, 1), IF(x >= INDEX(x_range, 8), INDEX(y_range, 8), FORECAST(x, OFFSET(INDEX(y_range, 1), 0, colIdx - 1, 1, 2), OFFSET(INDEX(x_range, 1), 0, colIdx - 1, 1, 2)))))} -> 76.325 | AK2: {=LET(x, 1*B2, x_range, Percentiles!$B$46:$I$46, y_range, Translation_Matrix!$B$4:$I$4, matchIdx, IFNA(MATCH(x, x_range, 1), 1), colIdx, MIN(7, MAX(1, matchIdx)), IF(x <= INDEX(x_range, 1), INDEX(y_range, 1), IF(x >= INDEX(x_range, 8), INDEX(y_range, 8), FORECAST(x, OFFSET(INDEX(y_range, 1), 0, colIdx - 1, 1, 2), OFFSET(INDEX(x_range, 1), 0, colIdx - 1, 1, 2)))))} -> 91.12 | AL2: {=LET(x, 1*D2, x_range, Percentiles!$B$48:$I$48, y_range, Translation_Matrix!$B$9:$I$9, matchIdx, IFNA(MATCH(x, x_range, 1), 1), colIdx, MIN(7, MAX(1, matchIdx)), IF(x <= INDEX(x_range, 1), INDEX(y_range, 1), IF(x >= INDEX(x_range, 8), INDEX(y_range, 8), FORECAST(x, OFFSET(INDEX(y_range, 1), 0, colIdx - 1, 1, 2), OFFSET(INDEX(x_range, 1), 0, colIdx - 1, 1, 2)))))} -> 82.666667 | AM2: =SQRT(SUMSQ(Q2:AL2)) -> 376.80657 | AN2: =66 + (0.24 * A2) -> 75.6
A3: Stat Rank (1=best) | R3: =IFERROR(RANK(R2,$R$2:$AL$2,0),22) -> 13 | S3: =IFERROR(RANK(S2,$R$2:$AL$2,0),22) -> 6 | T3: =IFERROR(RANK(T2,$R$2:$AL$2,0),22) -> 22 | U3: =IFERROR(RANK(U2,$R$2:$AL$2,0),22) -> 11 | V3: =IFERROR(RANK(V2,$R$2:$AL$2,0),22) -> 5 | W3: =IFERROR(RANK(W2,$R$2:$AL$2,0),22) -> 4 | X3: =IFERROR(RANK(X2,$R$2:$AL$2,0),22) -> 8 | Y3: =IFERROR(RANK(Y2,$R$2:$AL$2,0),22) -> 9 | ... AL3: =IFERROR(RANK(AL2,$R$2:$AL$2,0),22) -> 15
A4: {=MIN(99, LET(raw, A2, pcts, XLOOKUP(A$1, Percentiles!$A$45:$A$59, Percentiles!$B$45:$I$59), vals, IF(A$1="Hgt", Translation_Matrix!$B$3:$I$3, XLOOKUP(A$1, Translation_Matrix!$A$1:$A$37, Translation_Matrix!$B$1:$I$37)), FORECAST(raw, vals, pcts)))} -> 33.284774 | B4: {=MIN(99, LET(raw, B2, pcts, XLOOKUP(B$1, Percentiles!$A$45:$A$59, Percentiles!$B$45:$I$59), vals, IF(B$1="Hgt", Translation_Matrix!$B$3:$I$3, XLOOKUP(B$1, Translation_Matrix!$A$1:$A$37, Translation_Matrix!$B$1:$I$37)), FORECAST(raw, vals, pcts)))} -> 85.069967 | C4: {=MIN(99, LET(raw, C2, pcts, XLOOKUP(C$1, Percentiles!$A$45:$A$59, Percentiles!$B$45:$I$59), vals, IF(C$1="Hgt", Translation_Matrix!$B$3:$I$3, XLOOKUP(C$1, Translation_Matrix!$A$1:$A$37, Translation_Matrix!$B$1:$I$37)), FORECAST(raw, vals, pcts)))} -> 44.741838 | D4: {=MIN(99, LET(raw, D2, pcts, XLOOKUP(D$1, Percentiles!$A$45:$A$59, Percentiles!$B$45:$I$59), vals, IF(D$1="Hgt", Translation_Matrix!$B$3:$I$3, XLOOKUP(D$1, Translation_Matrix!$A$1:$A$37, Translation_Matrix!$B$1:$I$37)), FORECAST(raw, vals, pcts)))} -> 61.711688 | E4: {=MIN(99, LET(raw, E2, pcts, XLOOKUP(E$1, Percentiles!$A$45:$A$59, Percentiles!$B$45:$I$59), vals, IF(E$1="Hgt", Translation_Matrix!$B$3:$I$3, XLOOKUP(E$1, Translation_Matrix!$A$1:$A$37, Translation_Matrix!$B$1:$I$37)), FORECAST(raw, vals, pcts)))} -> 85.18419 | F4: {=MIN(99, LET(raw, F2, pcts, XLOOKUP(F$1, Percentiles!$A$45:$A$59, Percentiles!$B$45:$I$59), vals, IF(F$1="Hgt", Translation_Matrix!$B$3:$I$3, XLOOKUP(F$1, Translation_Matrix!$A$1:$A$37, Translation_Matrix!$B$1:$I$37)), FORECAST(raw, vals, pcts)))} -> 53.715864 | G4: {=MIN(99, LET(raw, G2, pcts, XLOOKUP(G$1, Percentiles!$A$45:$A$59, Percentiles!$B$45:$I$59), vals, IF(G$1="Hgt", Translation_Matrix!$B$3:$I$3, XLOOKUP(G$1, Translation_Matrix!$A$1:$A$37, Translation_Matrix!$B$1:$I$37)), FORECAST(raw, vals, pcts)))} -> 66.718917 | H4: {=MIN(99, LET(raw, H2, pcts, XLOOKUP(H$1, Percentiles!$A$45:$A$59, Percentiles!$B$45:$I$59), vals, IF(H$1="Hgt", Translation_Matrix!$B$3:$I$3, XLOOKUP(H$1, Translation_Matrix!$A$1:$A$37, Translation_Matrix!$B$1:$I$37)), FORECAST(raw, vals, pcts)))} -> 85.86178 | ... O4: {=MIN(99, LET(raw, O2, pcts, XLOOKUP(O$1, Percentiles!$A$45:$A$59, Percentiles!$B$45:$I$59), vals, IF(O$1="Hgt", Translation_Matrix!$B$3:$I$3, XLOOKUP(O$1, Translation_Matrix!$A$1:$A$37, Translation_Matrix!$B$1:$I$37)), FORECAST(raw, vals, pcts)))} -> 47.417461 | Q4: {=MIN(99, LET(x, 0.6*F4 + 0.25*B4 + 0.15*K4, x_range, Percentiles!$B$50:$I$50, y_range, Translation_Matrix!$B$12:$I$12, matchIdx, IFNA(MATCH(x, x_range, 1), 1), colIdx, MIN(7, MAX(1, matchIdx)), IF(x <= INDEX(x_range, 1), INDEX(y_range, 1), IF(x >= INDEX(x_range, 8), INDEX(y_range, 8), FORECAST(x, OFFSET(INDEX(y_range, 1), 0, colIdx - 1, 1, 2), OFFSET(INDEX(x_range, 1), 0, colIdx - 1, 1, 2))))))} -> 93.353189 | R4: {=MIN(99, LET(x, 0.5*F4 + 0.3*C4 + 0.2*D4, x_range, Percentiles!$B$50:$I$50, y_range, Translation_Matrix!$B$13:$I$13, matchIdx, IFNA(MATCH(x, x_range, 1), 1), colIdx, MIN(7, MAX(1, matchIdx)), IF(x <= INDEX(x_range, 1), INDEX(y_range, 1), IF(x >= INDEX(x_range, 8), INDEX(y_range, 8), FORECAST(x, OFFSET(INDEX(y_range, 1), 0, colIdx - 1, 1, 2), OFFSET(INDEX(x_range, 1), 0, colIdx - 1, 1, 2))))))} -> 85.373305 | S4: {=MIN(99, LET(x, LET(drv, 0.5*G4 + 0.3*C4 + 0.2*D4, std, 0.65*G4 + 0.25*A4 + 0.1*D4, IF($AN$2 > 80, (drv + std) / 2, drv)), x_range, Percentiles!$B$51:$I$51, y_range, Translation_Matrix!$B$16:$I$16, matchIdx, IFNA(MATCH(x, x_range, 1), 1), colIdx, MIN(7, MAX(1, matchIdx)), IF(x <= INDEX(x_range, 1), INDEX(y_range, 1), IF(x >= INDEX(x_range, 8), INDEX(y_range, 8), FORECAST(x, OFFSET(INDEX(y_range, 1), 0, colIdx - 1, 1, 2), OFFSET(INDEX(x_range, 1), 0, colIdx - 1, 1, 2))))))} -> 90.388599 | U4: {=MIN(99, LET(x, 0.65*F4 + 0.2*B4 + 0.15*K4, x_range, Percentiles!$B$50:$I$50, y_range, Translation_Matrix!$B$14:$I$14, matchIdx, IFNA(MATCH(x, x_range, 1), 1), colIdx, MIN(7, MAX(1, matchIdx)), IF(x <= INDEX(x_range, 1), INDEX(y_range, 1), IF(x >= INDEX(x_range, 8), INDEX(y_range, 8), FORECAST(x, OFFSET(INDEX(y_range, 1), 0, colIdx - 1, 1, 2), OFFSET(INDEX(x_range, 1), 0, colIdx - 1, 1, 2))))))} -> 89.395825 | V4: {=MIN(99, LET(x, (0.7*I4)+(0.15*K4)+(0.15*H4), x_range, Percentiles!$B$53:$I$53, y_range, Translation_Matrix!$B$21:$I$21, matchIdx, IFNA(MATCH(x, x_range, 1), 1), colIdx, MIN(7, MAX(1, matchIdx)), IF(x <= INDEX(x_range, 1), INDEX(y_range, 1), IF(x >= INDEX(x_range, 8), INDEX(y_range, 8), FORECAST(x, OFFSET(INDEX(y_range, 1), 0, colIdx - 1, 1, 2), OFFSET(INDEX(x_range, 1), 0, colIdx - 1, 1, 2))))))} -> 93.070212 | W4: {=MIN(99, LET(x, 1*J4, x_range, Percentiles!$B$54:$I$54, y_range, Translation_Matrix!$B$23:$I$23, matchIdx, IFNA(MATCH(x, x_range, 1), 1), colIdx, MIN(7, MAX(1, matchIdx)), IF(x <= INDEX(x_range, 1), INDEX(y_range, 1), IF(x >= INDEX(x_range, 8), INDEX(y_range, 8), FORECAST(x, OFFSET(INDEX(y_range, 1), 0, colIdx - 1, 1, 2), OFFSET(INDEX(x_range, 1), 0, colIdx - 1, 1, 2))))))} -> 95.38 | X4: {=MIN(99, LET(x, 1*H4, x_range, Percentiles!$B$52:$I$52, y_range, Translation_Matrix!$B$19:$I$19, matchIdx, IFNA(MATCH(x, x_range, 1), 1), colIdx, MIN(7, MAX(1, matchIdx)), IF(x <= INDEX(x_range, 1), INDEX(y_range, 1), IF(x >= INDEX(x_range, 8), INDEX(y_range, 8), FORECAST(x, OFFSET(INDEX(y_range, 1), 0, colIdx - 1, 1, 2), OFFSET(INDEX(x_range, 1), 0, colIdx - 1, 1, 2))))))} -> 98.85 | Y4: {=MIN(99, LET(x, 0.5*N4 + 0.5*K4, x_range, Percentiles!$B$58:$I$58, y_range, Translation_Matrix!$B$34:$I$34, matchIdx, IFNA(MATCH(x, x_range, 1), 1), colIdx, MIN(7, MAX(1, matchIdx)), IF(x <= INDEX(x_range, 1), INDEX(y_range, 1), IF(x >= INDEX(x_range, 8), INDEX(y_range, 8), FORECAST(x, OFFSET(INDEX(y_range, 1), 0, colIdx - 1, 1, 2), OFFSET(INDEX(x_range, 1), 0, colIdx - 1, 1, 2))))))} -> 93.308408 | Z4: {=MIN(99, LET(x, 0.5*M4 + 0.5*K4, x_range, Percentiles!$B$57:$I$57, y_range, Translation_Matrix!$B$31:$I$31, matchIdx, IFNA(MATCH(x, x_range, 1), 1), colIdx, MIN(7, MAX(1, matchIdx)), IF(x <= INDEX(x_range, 1), INDEX(y_range, 1), IF(x >= INDEX(x_range, 8), INDEX(y_range, 8), FORECAST(x, OFFSET(INDEX(y_range, 1), 0, colIdx - 1, 1, 2), OFFSET(INDEX(x_range, 1), 0, colIdx - 1, 1, 2))))))} -> 92.55 | AA4: {=MIN(99, LET(x, 0.5*M4 + 0.5*K4, x_range, Percentiles!$B$57:$I$57, y_range, Translation_Matrix!$B$32:$I$32, matchIdx, IFNA(MATCH(x, x_range, 1), 1), colIdx, MIN(7, MAX(1, matchIdx)), IF(x <= INDEX(x_range, 1), INDEX(y_range, 1), IF(x >= INDEX(x_range, 8), INDEX(y_range, 8), FORECAST(x, OFFSET(INDEX(y_range, 1), 0, colIdx - 1, 1, 2), OFFSET(INDEX(x_range, 1), 0, colIdx - 1, 1, 2))))))} -> 88.58 | AB4: {=MIN(99, LET(x, 1*K4, x_range, Percentiles!$B$55:$I$55, y_range, Translation_Matrix!$B$24:$I$24, matchIdx, IFNA(MATCH(x, x_range, 1), 1), colIdx, MIN(7, MAX(1, matchIdx)), IF(x <= INDEX(x_range, 1), INDEX(y_range, 1), IF(x >= INDEX(x_range, 8), INDEX(y_range, 8), FORECAST(x, OFFSET(INDEX(y_range, 1), 0, colIdx - 1, 1, 2), OFFSET(INDEX(x_range, 1), 0, colIdx - 1, 1, 2))))))} -> 95 | AC4: {=MIN(99, LET(x, 0.55*L4 + 0.3*A4 + 0.15*B4, x_range, Percentiles!$B$56:$I$56, y_range, Translation_Matrix!$B$26:$I$26, matchIdx, IFNA(MATCH(x, x_range, 1), 1), colIdx, MIN(7, MAX(1, matchIdx)), IF(x <= INDEX(x_range, 1), INDEX(y_range, 1), IF(x >= INDEX(x_range, 8), INDEX(y_range, 8), FORECAST(x, OFFSET(INDEX(y_range, 1), 0, colIdx - 1, 1, 2), OFFSET(INDEX(x_range, 1), 0, colIdx - 1, 1, 2))))))} -> 92.92 | AD4: {=MIN(99, LET(x, 0.55*L4 + 0.25*C4 + 0.2*D4, x_range, Percentiles!$B$56:$I$56, y_range, Translation_Matrix!$B$27:$I$27, matchIdx, IFNA(MATCH(x, x_range, 1), 1), colIdx, MIN(7, MAX(1, matchIdx)), IF(x <= INDEX(x_range, 1), INDEX(y_range, 1), IF(x >= INDEX(x_range, 8), INDEX(y_range, 8), FORECAST(x, OFFSET(INDEX(y_range, 1), 0, colIdx - 1, 1, 2), OFFSET(INDEX(x_range, 1), 0, colIdx - 1, 1, 2))))))} -> 94 | AG4: {=MIN(99, LET(x, 0.6*O4 + 0.25*D4 + 0.15*B4, x_range, Percentiles!$B$59:$I$59, y_range, Translation_Matrix!$B$36:$I$36, matchIdx, IFNA(MATCH(x, x_range, 1), 1), colIdx, MIN(7, MAX(1, matchIdx)), IF(x <= INDEX(x_range, 1), INDEX(y_range, 1), IF(x >= INDEX(x_range, 8), INDEX(y_range, 8), FORECAST(x, OFFSET(INDEX(y_range, 1), 0, colIdx - 1, 1, 2), OFFSET(INDEX(x_range, 1), 0, colIdx - 1, 1, 2))))))} -> 85.638894 | AH4: {=MIN(99, LET(x, 0.65*O4 + 0.2*A4 + 0.15*L4, x_range, Percentiles!$B$59:$I$59, y_range, Translation_Matrix!$B$37:$I$37, matchIdx, IFNA(MATCH(x, x_range, 1), 1), colIdx, MIN(7, MAX(1, matchIdx)), IF(x <= INDEX(x_range, 1), INDEX(y_range, 1), IF(x >= INDEX(x_range, 8), INDEX(y_range, 8), FORECAST(x, OFFSET(INDEX(y_range, 1), 0, colIdx - 1, 1, 2), OFFSET(INDEX(x_range, 1), 0, colIdx - 1, 1, 2))))))} -> 85.190948 | AI4: {=MIN(99, LET(x, 0.6*C4 + 0.3*D4 + 0.1*E4, x_range, Percentiles!$B$47:$I$47, y_range, Translation_Matrix!$B$6:$I$6, matchIdx, IFNA(MATCH(x, x_range, 1), 1), colIdx, MIN(7, MAX(1, matchIdx)), IF(x <= INDEX(x_range, 1), INDEX(y_range, 1), IF(x >= INDEX(x_range, 8), INDEX(y_range, 8), FORECAST(x, OFFSET(INDEX(y_range, 1), 0, colIdx - 1, 1, 2), OFFSET(INDEX(x_range, 1), 0, colIdx - 1, 1, 2))))))} -> 80.938514 | AJ4: {=MIN(99, LET(x, 0.5*C4 + 0.25*M4 + 0.15*D4 + 0.1*E4, x_range, Percentiles!$B$47:$I$47, y_range, Translation_Matrix!$B$7:$I$7, matchIdx, IFNA(MATCH(x, x_range, 1), 1), colIdx, MIN(7, MAX(1, matchIdx)), IF(x <= INDEX(x_range, 1), INDEX(y_range, 1), IF(x >= INDEX(x_range, 8), INDEX(y_range, 8), FORECAST(x, OFFSET(INDEX(y_range, 1), 0, colIdx - 1, 1, 2), OFFSET(INDEX(x_range, 1), 0, colIdx - 1, 1, 2))))))} -> 76.540035 | AK4: {=MIN(99, LET(x, 1*B4, x_range, Percentiles!$B$46:$I$46, y_range, Translation_Matrix!$B$4:$I$4, matchIdx, IFNA(MATCH(x, x_range, 1), 1), colIdx, MIN(7, MAX(1, matchIdx)), IF(x <= INDEX(x_range, 1), INDEX(y_range, 1), IF(x >= INDEX(x_range, 8), INDEX(y_range, 8), FORECAST(x, OFFSET(INDEX(y_range, 1), 0, colIdx - 1, 1, 2), OFFSET(INDEX(x_range, 1), 0, colIdx - 1, 1, 2))))))} -> 95 | AL4: {=MIN(99, LET(x, 1*D4, x_range, Percentiles!$B$48:$I$48, y_range, Translation_Matrix!$B$9:$I$9, matchIdx, IFNA(MATCH(x, x_range, 1), 1), colIdx, MIN(7, MAX(1, matchIdx)), IF(x <= INDEX(x_range, 1), INDEX(y_range, 1), IF(x >= INDEX(x_range, 8), INDEX(y_range, 8), FORECAST(x, OFFSET(INDEX(y_range, 1), 0, colIdx - 1, 1, 2), OFFSET(INDEX(x_range, 1), 0, colIdx - 1, 1, 2))))))} -> 84.016883
A11: Shades of (Reality):
A12: Name | B12: Match Score
A13: =IFERROR(__xludf.DUMMYFUNCTION("LET(db, FILTER(Clean_Archetype_DB!$A$2:$X$1258, Clean_Archetype_DB!$A$2:$A$1258 <> """"), db_names, CHOOSECOLS(db, 1), db_vectors, HSTACK(CHOOSECOLS(db, 3,4,5,6,7,8,9,10,12,13,14,15,16), CHOOSECOLS(db, 19, 20, 22, 23, 24)), db_headers, HSTACK(Clean_Archet"&"ype_DB!$C$1:$J$1, Clean_Archetype_DB!$L$1:$P$1, Clean_Archetype_DB!$S$1:$T$1, Clean_Archetype_DB!$V$1:$X$1), aligned_A, ARRAYFORMULA(XLOOKUP(db_headers, Archetype_Finder!$Q$1:$AL$1, Archetype_Finder!$Q$2:$AL$2)), dot_products, MMULT(ARRAYFORMULA(N(db_vect"&"ors)), TRANSPOSE(aligned_A)), mag_A, SQRT(SUMSQ(aligned_A)), mag_B, BYROW(db_vectors, LAMBDA(row, SQRT(SUMSQ(row)))), cos_sim, ARRAYFORMULA(dot_products / (mag_A * mag_B)), db_raw, FILTER(Archetype_DB!$A$2:$Z$1258, Archetype_DB!$A$2:$A$1258 <> """"), db_m"&"in_raw, ARRAYFORMULA(IFERROR(VALUE(REGEXEXTRACT(TRIM(TO_TEXT(db_raw)), ""^(\d+)"")), 0)), db_min, CHOOSECOLS(db_min_raw, 24, 22, 23, 25, 5, 6, 9, 7, 12, 10, 11, 16, 17, 14, 15, 13, 20, 21), threshold_score, BYROW(db_min, LAMBDA(row, PRODUCT(MAP(aligned_A,"&" row, LAMBDA(p, a, IF(N(a)=0, 1, MIN(1, p/a))))))), db_min_hgt, FILTER(Clean_Archetype_DB!$Y$2:$Y$1258, Clean_Archetype_DB!$A$2:$A$1258 <> """"), db_max_hgt, FILTER(Clean_Archetype_DB!$Z$2:$Z$1258, Clean_Archetype_DB!$A$2:$A$1258 <> """"), user_hgt, ROUND"&"(Archetype_Finder!$AN$2), height_filter, ARRAYFORMULA((user_hgt >= db_min_hgt) * (user_hgt <= db_max_hgt)), hybrid_score, ARRAYFORMULA(((0.6 * cos_sim) + (0.4 * threshold_score)) * height_filter), SORTN(HSTACK(db_names, hybrid_score), 3, 0, 2, FALSE))"),"2-Way 3-Level Shot Creator") -> 2-Way 3-Level Shot Creator | B13: =IFERROR(__xludf.DUMMYFUNCTION("""COMPUTED_VALUE"""),0.2905151540536717) -> 0.29051515
A14: =IFERROR(__xludf.DUMMYFUNCTION("""COMPUTED_VALUE"""),"2-Way 3PT Slasher") -> 2-Way 3PT Slasher | B14: =IFERROR(__xludf.DUMMYFUNCTION("""COMPUTED_VALUE"""),0.2905151540536717) -> 0.29051515
A15: =IFERROR(__xludf.DUMMYFUNCTION("""COMPUTED_VALUE"""),"2-Way Mid-Range Slasher") -> 2-Way Mid-Range Slasher | B15: =IFERROR(__xludf.DUMMYFUNCTION("""COMPUTED_VALUE"""),0.2905151540536717) -> 0.29051515

Sheet How to Use
B2: Archetype Finder: How to Use & Methodology
B4: What does this tool do?
B5: This tool bridges the gap between NBA 2K and Basketball GM (BBGM). It allows you to input custom player ratings to discover the closest matching NBA 2K build archetypes and find real NBA players ('Shades Of') who share a similar statistical profile. It uses historical percentiles to accurately translate ratings between the two different game engines.
B7: How to Use the Finder
B8: 1. Navigate to the 'Archetype_Finder' tab. 2. Paste your desired player ratings (1-99) in the top row (Hgt, Stre, Spd, etc.). You can simply highlight the line from Hgt to Reb in a players ratings row. 3. The 'Top 3 Matches' section will automatically update to show the 2K builds that best match your inputs. 4. The 'Shades of' section will display real NBA players with similar statistical profiles.
B10: Methodology: Match Score
B11: The Match Score calculates the similarity between your inputted ratings and the base ratings of every 2K build using Weighted Cosine Similarity. Instead of just looking at raw numbers, it measures the 'shape' of a player's profile to match playstyles. It features 'Signature Skill' weighting (applying a 1.5x multiplier to stats in the 85th percentile or above) and a strict height filter to prevent cross-positional mismatches. The result is standardized into a clean 0-100 percentage.
B13: Methodology: Percentiles & Mapping
B14: Because 2K ratings and BBGM scale differently, direct 1-to-1 mapping is inaccurate. I used historical percentiles of every single NBA player to map the ratings. To better differentiate true superstars from role players, an exponential curve is applied to the top 10% of ratings (90th percentile and above). This expands the mathematical gap between 'Great' and 'Elite' stats, ensuring high-end 2K ratings translate properly to BBGM.
B16: Methodology: Shades Of (NBA Comparisons)
B17: The 'Shades Of' section compares your generated BBGM ratings to real NBA players using the updated Cosine Similarity formula. It heavily weights physicals (Height, Speed, Strength) and primary scoring traits to find players with the most similar statistical distribution and playstyle. It also includes a hard filter to only return viable NBA players with an Overall (OVR) rating of at least 55.
B19: Limitations & Feedback
B20: Please note that this tool isn't perfect. Converting 2K ratings that have no equivalent to BBGM is hard, and uses arbitrary formulas to simulate what that rating matches to BBGM. For any possible helpful ideas or improvements, please reach out to FryBandit on Discord.

Sheet Translation_Matrix
A1: Stat | B1: 1st | C1: 10th | D1: 25th | E1: 50th | F1: 75th | G1: 90th | H1: 95th | I1: 99th
A2: Hgt
A3: Stre | B3: 1 | C3: 10 | D3: 25 | E3: 50 | F3: 75 | G3: 90 | H3: 95 | I3: 99
A4: Strength | B4: 47 | C4: 65 | D4: 73 | E4: 83 | F4: 86 | G4: 91 | H4: 91.2 | I4: 95
A5: Spd | B5: 1 | C5: 10 | D5: 25 | E5: 50 | F5: 75 | G5: 90 | H5: 95 | I5: 99
A6: Speed | B6: 50 | C6: 65 | D6: 71 | E6: 80 | F6: 84 | G6: 87 | H6: 90 | I6: 93
A7: Agility | B7: 38 | C7: 51 | D7: 61 | E7: 74 | F7: 80 | G7: 83 | H7: 85 | I7: 88.63
A8: Jmp | B8: 1 | C8: 10 | D8: 25 | E8: 50 | F8: 75 | G8: 90 | H8: 95 | I8: 99
A9: Vertical | B9: 55.43 | C9: 70 | D9: 75 | E9: 80 | F9: 83 | G9: 86 | H9: 88 | I9: 90.57
A10: Endu | B10: 1 | C10: 10 | D10: 25 | E10: 50 | F10: 75 | G10: 90 | H10: 95 | I10: 99
A11: Ins | B11: 1 | C11: 10 | D11: 25 | E11: 50 | F11: 75 | G11: 90 | H11: 95 | I11: 99
A12: Close Shot | B12: 64.35 | C12: 71 | D12: 75 | E12: 80 | F12: 84 | G12: 89 | H12: 92 | I12: 95.65
A13: Driving Layup | B13: 50.36 | C13: 60 | D13: 70 | E13: 75 | F13: 81 | G13: 88 | H13: 90 | I13: 94.64
A14: Post Control | B14: 30 | C14: 43.3 | D14: 50 | E14: 60 | F14: 79 | G14: 87 | H14: 88 | I14: 93
... A37: Defensive Rebound | B37: 39.16 | C37: 55 | D37: 70 | E37: 81 | F37: 90 | G37: 94 | H37: 95 | I37: 97

Sheet Players
A1: Name | B1: Hgt | C1: Stre | D1: Spd | E1: Jmp | F1: Endu | G1: Ins | H1: Dnk | I1: FT | J1: Mid | K1: TP | L1: OIQ | M1: DIQ | N1: Drb | O1: Pss | P1: Reb

Sheet 2K_Ratings
A1: Name | B1: Height | C1: Strength | D1: Speed | E1: Agility | F1: Vertical | G1: Close Shot | H1: Driving Layup | I1: Post Control | J1: Driving Dunk | K1: Standing Dunk | L1: Free Throw | M1: Midrange Shot | N1: Threepoint Shot | O1: Interior Defense | P1: Perimeter Defense | Q1: Steal | R1: Block | S1: Ball Handle | T1: Speed With Ball | U1: Pass Accuracy | V1: Offensive Rebound | W1: Defensive Rebound
B2: Hgt | C2: Stre | D2: Spd | E2: Spd | F2: Jmp | G2: Ins | H2: Ins | I2: Ins | J2: Dnk | K2: Dnk | L2: FT | M2: Mid | N2: TP | O2: DIQ | P2: DIQ | Q2: DIQ | R2: DIQ | S2: Drb | T2: Drb | U2: Pss | V2: Reb | W2: Reb
A3: =IF(Players!A2="","",Players!A2) | B3: {=IF($A3="", "", IFERROR(LET(x, XLOOKUP(B$2, Players!$A$1:$P$1, Players!$A2:$P2), IF(B$2="Hgt", ROUND(FORECAST(x, Percentiles!$L$2:$L$12, Percentiles!$M$2:$M$12), 2), LET(rowX, MATCH(B$2, Translation_Matrix!$A$1:$A$37, 0) - 1, rowY, MATCH(B$1, Translation_Matrix!$A$1:$A$37, 0) - 1, matchIdx, IFNA(MATCH(x, OFFSET(Translation_Matrix!$B$1, rowX, 0, 1, 8), 1), 1), colIdx, MIN(6, matchIdx - 1), ROUND(FORECAST(x, OFFSET(Translation_Matrix!$B$1, rowY, colIdx, 1, 2), OFFSET(Translation_Matrix!$B$1, rowX, colIdx, 1, 2)), 0)))),""))} | C3: {=IF($A3="", "", IFERROR(LET(x, XLOOKUP(C$2, Players!$A$1:$P$1, Players!$A2:$P2), IF(C$2="Hgt", ROUND(FORECAST(x, Percentiles!$L$2:$L$12, Percentiles!$M$2:$M$12), 2), LET(rowX, MATCH(C$2, Translation_Matrix!$A$1:$A$37, 0) - 1, rowY, MATCH(C$1, Translation_Matrix!$A$1:$A$37, 0) - 1, matchIdx, IFNA(MATCH(x, OFFSET(Translation_Matrix!$B$1, rowX, 0, 1, 8), 1), 1), colIdx, MIN(6, matchIdx - 1), ROUND(FORECAST(x, OFFSET(Translation_Matrix!$B$1, rowY, colIdx, 1, 2), OFFSET(Translation_Matrix!$B$1, rowX, colIdx, 1, 2)), 0)))),""))} | D3: {=IF($A3="", "", IFERROR(LET(x, XLOOKUP(D$2, Players!$A$1:$P$1, Players!$A2:$P2), IF(D$2="Hgt", ROUND(FORECAST(x, Percentiles!$L$2:$L$12, Percentiles!$M$2:$M$12), 2), LET(rowX, MATCH(D$2, Translation_Matrix!$A$1:$A$37, 0) - 1, rowY, MATCH(D$1, Translation_Matrix!$A$1:$A$37, 0) - 1, matchIdx, IFNA(MATCH(x, OFFSET(Translation_Matrix!$B$1, rowX, 0, 1, 8), 1), 1), colIdx, MIN(6, matchIdx - 1), ROUND(FORECAST(x, OFFSET(Translation_Matrix!$B$1, rowY, colIdx, 1, 2), OFFSET(Translation_Matrix!$B$1, rowX, colIdx, 1, 2)), 0)))),""))} | E3: {=IF($A3="", "", IFERROR(LET(x, XLOOKUP(E$2, Players!$A$1:$P$1, Players!$A2:$P2), IF(E$2="Hgt", ROUND(FORECAST(x, Percentiles!$L$2:$L$12, Percentiles!$M$2:$M$12), 2), LET(rowX, MATCH(E$2, Translation_Matrix!$A$1:$A$37, 0) - 1, rowY, MATCH(E$1, Translation_Matrix!$A$1:$A$37, 0) - 1, matchIdx, IFNA(MATCH(x, OFFSET(Translation_Matrix!$B$1, rowX, 0, 1, 8), 1), 1), colIdx, MIN(6, matchIdx - 1), ROUND(FORECAST(x, OFFSET(Translation_Matrix!$B$1, rowY, colIdx, 1, 2), OFFSET(Translation_Matrix!$B$1, rowX, colIdx, 1, 2)), 0)))),""))} | F3: {=IF($A3="", "", IFERROR(LET(x, XLOOKUP(F$2, Players!$A$1:$P$1, Players!$A2:$P2), IF(F$2="Hgt", ROUND(FORECAST(x, Percentiles!$L$2:$L$12, Percentiles!$M$2:$M$12), 2), LET(rowX, MATCH(F$2, Translation_Matrix!$A$1:$A$37, 0) - 1, rowY, MATCH(F$1, Translation_Matrix!$A$1:$A$37, 0) - 1, matchIdx, IFNA(MATCH(x, OFFSET(Translation_Matrix!$B$1, rowX, 0, 1, 8), 1), 1), colIdx, MIN(6, matchIdx - 1), ROUND(FORECAST(x, OFFSET(Translation_Matrix!$B$1, rowY, colIdx, 1, 2), OFFSET(Translation_Matrix!$B$1, rowX, colIdx, 1, 2)), 0)))),""))} | G3: {=IF($A3="", "", IFERROR(LET(x, XLOOKUP(G$2, Players!$A$1:$P$1, Players!$A2:$P2), IF(G$2="Hgt", ROUND(FORECAST(x, Percentiles!$L$2:$L$12, Percentiles!$M$2:$M$12), 2), LET(rowX, MATCH(G$2, Translation_Matrix!$A$1:$A$37, 0) - 1, rowY, MATCH(G$1, Translation_Matrix!$A$1:$A$37, 0) - 1, matchIdx, IFNA(MATCH(x, OFFSET(Translation_Matrix!$B$1, rowX, 0, 1, 8), 1), 1), colIdx, MIN(6, matchIdx - 1), ROUND(FORECAST(x, OFFSET(Translation_Matrix!$B$1, rowY, colIdx, 1, 2), OFFSET(Translation_Matrix!$B$1, rowX, colIdx, 1, 2)), 0)))),""))} | H3: {=IF($A3="", "", IFERROR(LET(x, XLOOKUP(H$2, Players!$A$1:$P$1, Players!$A2:$P2), IF(H$2="Hgt", ROUND(FORECAST(x, Percentiles!$L$2:$L$12, Percentiles!$M$2:$M$12), 2), LET(rowX, MATCH(H$2, Translation_Matrix!$A$1:$A$37, 0) - 1, rowY, MATCH(H$1, Translation_Matrix!$A$1:$A$37, 0) - 1, matchIdx, IFNA(MATCH(x, OFFSET(Translation_Matrix!$B$1, rowX, 0, 1, 8), 1), 1), colIdx, MIN(6, matchIdx - 1), ROUND(FORECAST(x, OFFSET(Translation_Matrix!$B$1, rowY, colIdx, 1, 2), OFFSET(Translation_Matrix!$B$1, rowX, colIdx, 1, 2)), 0)))),""))} | I3: {=IF($A3="", "", IFERROR(LET(x, XLOOKUP(I$2, Players!$A$1:$P$1, Players!$A2:$P2), IF(I$2="Hgt", ROUND(FORECAST(x, Percentiles!$L$2:$L$12, Percentiles!$M$2:$M$12), 2), LET(rowX, MATCH(I$2, Translation_Matrix!$A$1:$A$37, 0) - 1, rowY, MATCH(I$1, Translation_Matrix!$A$1:$A$37, 0) - 1, matchIdx, IFNA(MATCH(x, OFFSET(Translation_Matrix!$B$1, rowX, 0, 1, 8), 1), 1), colIdx, MIN(6, matchIdx - 1), ROUND(FORECAST(x, OFFSET(Translation_Matrix!$B$1, rowY, colIdx, 1, 2), OFFSET(Translation_Matrix!$B$1, rowX, colIdx, 1, 2)), 0)))),""))} | ... W3: {=IF($A3="", "", IFERROR(LET(x, XLOOKUP(W$2, Players!$A$1:$P$1, Players!$A2:$P2), IF(W$2="Hgt", ROUND(FORECAST(x, Percentiles!$L$2:$L$12, Percentiles!$M$2:$M$12), 2), LET(rowX, MATCH(W$2, Translation_Matrix!$A$1:$A$37, 0) - 1, rowY, MATCH(W$1, Translation_Matrix!$A$1:$A$37, 0) - 1, matchIdx, IFNA(MATCH(x, OFFSET(Translation_Matrix!$B$1, rowX, 0, 1, 8), 1), 1), colIdx, MIN(6, matchIdx - 1), ROUND(FORECAST(x, OFFSET(Translation_Matrix!$B$1, rowY, colIdx, 1, 2), OFFSET(Translation_Matrix!$B$1, rowX, colIdx, 1, 2)), 0)))),""))}
A4: =IF(Players!A3="","",Players!A3) | B4: {=IF($A4="", "", IFERROR(LET(x, XLOOKUP(B$2, Players!$A$1:$P$1, Players!$A3:$P3), IF(B$2="Hgt", ROUND(FORECAST(x, Percentiles!$L$2:$L$12, Percentiles!$M$2:$M$12), 2), LET(rowX, MATCH(B$2, Translation_Matrix!$A$1:$A$37, 0) - 1, rowY, MATCH(B$1, Translation_Matrix!$A$1:$A$37, 0) - 1, matchIdx, IFNA(MATCH(x, OFFSET(Translation_Matrix!$B$1, rowX, 0, 1, 8), 1), 1), colIdx, MIN(6, matchIdx - 1), ROUND(FORECAST(x, OFFSET(Translation_Matrix!$B$1, rowY, colIdx, 1, 2), OFFSET(Translation_Matrix!$B$1, rowX, colIdx, 1, 2)), 0)))),""))} | C4: {=IF($A4="", "", IFERROR(LET(x, XLOOKUP(C$2, Players!$A$1:$P$1, Players!$A3:$P3), IF(C$2="Hgt", ROUND(FORECAST(x, Percentiles!$L$2:$L$12, Percentiles!$M$2:$M$12), 2), LET(rowX, MATCH(C$2, Translation_Matrix!$A$1:$A$37, 0) - 1, rowY, MATCH(C$1, Translation_Matrix!$A$1:$A$37, 0) - 1, matchIdx, IFNA(MATCH(x, OFFSET(Translation_Matrix!$B$1, rowX, 0, 1, 8), 1), 1), colIdx, MIN(6, matchIdx - 1), ROUND(FORECAST(x, OFFSET(Translation_Matrix!$B$1, rowY, colIdx, 1, 2), OFFSET(Translation_Matrix!$B$1, rowX, colIdx, 1, 2)), 0)))),""))} | D4: {=IF($A4="", "", IFERROR(LET(x, XLOOKUP(D$2, Players!$A$1:$P$1, Players!$A3:$P3), IF(D$2="Hgt", ROUND(FORECAST(x, Percentiles!$L$2:$L$12, Percentiles!$M$2:$M$12), 2), LET(rowX, MATCH(D$2, Translation_Matrix!$A$1:$A$37, 0) - 1, rowY, MATCH(D$1, Translation_Matrix!$A$1:$A$37, 0) - 1, matchIdx, IFNA(MATCH(x, OFFSET(Translation_Matrix!$B$1, rowX, 0, 1, 8), 1), 1), colIdx, MIN(6, matchIdx - 1), ROUND(FORECAST(x, OFFSET(Translation_Matrix!$B$1, rowY, colIdx, 1, 2), OFFSET(Translation_Matrix!$B$1, rowX, colIdx, 1, 2)), 0)))),""))} | E4: {=IF($A4="", "", IFERROR(LET(x, XLOOKUP(E$2, Players!$A$1:$P$1, Players!$A3:$P3), IF(E$2="Hgt", ROUND(FORECAST(x, Percentiles!$L$2:$L$12, Percentiles!$M$2:$M$12), 2), LET(rowX, MATCH(E$2, Translation_Matrix!$A$1:$A$37, 0) - 1, rowY, MATCH(E$1, Translation_Matrix!$A$1:$A$37, 0) - 1, matchIdx, IFNA(MATCH(x, OFFSET(Translation_Matrix!$B$1, rowX, 0, 1, 8), 1), 1), colIdx, MIN(6, matchIdx - 1), ROUND(FORECAST(x, OFFSET(Translation_Matrix!$B$1, rowY, colIdx, 1, 2), OFFSET(Translation_Matrix!$B$1, rowX, colIdx, 1, 2)), 0)))),""))} | F4: {=IF($A4="", "", IFERROR(LET(x, XLOOKUP(F$2, Players!$A$1:$P$1, Players!$A3:$P3), IF(F$2="Hgt", ROUND(FORECAST(x, Percentiles!$L$2:$L$12, Percentiles!$M$2:$M$12), 2), LET(rowX, MATCH(F$2, Translation_Matrix!$A$1:$A$37, 0) - 1, rowY, MATCH(F$1, Translation_Matrix!$A$1:$A$37, 0) - 1, matchIdx, IFNA(MATCH(x, OFFSET(Translation_Matrix!$B$1, rowX, 0, 1, 8), 1), 1), colIdx, MIN(6, matchIdx - 1), ROUND(FORECAST(x, OFFSET(Translation_Matrix!$B$1, rowY, colIdx, 1, 2), OFFSET(Translation_Matrix!$B$1, rowX, colIdx, 1, 2)), 0)))),""))} | G4: {=IF($A4="", "", IFERROR(LET(x, XLOOKUP(G$2, Players!$A$1:$P$1, Players!$A3:$P3), IF(G$2="Hgt", ROUND(FORECAST(x, Percentiles!$L$2:$L$12, Percentiles!$M$2:$M$12), 2), LET(rowX, MATCH(G$2, Translation_Matrix!$A$1:$A$37, 0) - 1, rowY, MATCH(G$1, Translation_Matrix!$A$1:$A$37, 0) - 1, matchIdx, IFNA(MATCH(x, OFFSET(Translation_Matrix!$B$1, rowX, 0, 1, 8), 1), 1), colIdx, MIN(6, matchIdx - 1), ROUND(FORECAST(x, OFFSET(Translation_Matrix!$B$1, rowY, colIdx, 1, 2), OFFSET(Translation_Matrix!$B$1, rowX, colIdx, 1, 2)), 0)))),""))} | H4: {=IF($A4="", "", IFERROR(LET(x, XLOOKUP(H$2, Players!$A$1:$P$1, Players!$A3:$P3), IF(H$2="Hgt", ROUND(FORECAST(x, Percentiles!$L$2:$L$12, Percentiles!$M$2:$M$12), 2), LET(rowX, MATCH(H$2, Translation_Matrix!$A$1:$A$37, 0) - 1, rowY, MATCH(H$1, Translation_Matrix!$A$1:$A$37, 0) - 1, matchIdx, IFNA(MATCH(x, OFFSET(Translation_Matrix!$B$1, rowX, 0, 1, 8), 1), 1), colIdx, MIN(6, matchIdx - 1), ROUND(FORECAST(x, OFFSET(Translation_Matrix!$B$1, rowY, colIdx, 1, 2), OFFSET(Translation_Matrix!$B$1, rowX, colIdx, 1, 2)), 0)))),""))} | I4: {=IF($A4="", "", IFERROR(LET(x, XLOOKUP(I$2, Players!$A$1:$P$1, Players!$A3:$P3), IF(I$2="Hgt", ROUND(FORECAST(x, Percentiles!$L$2:$L$12, Percentiles!$M$2:$M$12), 2), LET(rowX, MATCH(I$2, Translation_Matrix!$A$1:$A$37, 0) - 1, rowY, MATCH(I$1, Translation_Matrix!$A$1:$A$37, 0) - 1, matchIdx, IFNA(MATCH(x, OFFSET(Translation_Matrix!$B$1, rowX, 0, 1, 8), 1), 1), colIdx, MIN(6, matchIdx - 1), ROUND(FORECAST(x, OFFSET(Translation_Matrix!$B$1, rowY, colIdx, 1, 2), OFFSET(Translation_Matrix!$B$1, rowX, colIdx, 1, 2)), 0)))),""))} | ... W4: {=IF($A4="", "", IFERROR(LET(x, XLOOKUP(W$2, Players!$A$1:$P$1, Players!$A3:$P3), IF(W$2="Hgt", ROUND(FORECAST(x, Percentiles!$L$2:$L$12, Percentiles!$M$2:$M$12), 2), LET(rowX, MATCH(W$2, Translation_Matrix!$A$1:$A$37, 0) - 1, rowY, MATCH(W$1, Translation_Matrix!$A$1:$A$37, 0) - 1, matchIdx, IFNA(MATCH(x, OFFSET(Translation_Matrix!$B$1, rowX, 0, 1, 8), 1), 1), colIdx, MIN(6, matchIdx - 1), ROUND(FORECAST(x, OFFSET(Translation_Matrix!$B$1, rowY, colIdx, 1, 2), OFFSET(Translation_Matrix!$B$1, rowX, colIdx, 1, 2)), 0)))),""))}
A5: =IF(Players!A4="","",Players!A4) | B5: {=IF($A5="", "", IFERROR(LET(x, XLOOKUP(B$2, Players!$A$1:$P$1, Players!$A4:$P4), IF(B$2="Hgt", ROUND(FORECAST(x, Percentiles!$L$2:$L$12, Percentiles!$M$2:$M$12), 2), LET(rowX, MATCH(B$2, Translation_Matrix!$A$1:$A$37, 0) - 1, rowY, MATCH(B$1, Translation_Matrix!$A$1:$A$37, 0) - 1, matchIdx, IFNA(MATCH(x, OFFSET(Translation_Matrix!$B$1, rowX, 0, 1, 8), 1), 1), colIdx, MIN(6, matchIdx - 1), ROUND(FORECAST(x, OFFSET(Translation_Matrix!$B$1, rowY, colIdx, 1, 2), OFFSET(Translation_Matrix!$B$1, rowX, colIdx, 1, 2)), 0)))),""))} | C5: {=IF($A5="", "", IFERROR(LET(x, XLOOKUP(C$2, Players!$A$1:$P$1, Players!$A4:$P4), IF(C$2="Hgt", ROUND(FORECAST(x, Percentiles!$L$2:$L$12, Percentiles!$M$2:$M$12), 2), LET(rowX, MATCH(C$2, Translation_Matrix!$A$1:$A$37, 0) - 1, rowY, MATCH(C$1, Translation_Matrix!$A$1:$A$37, 0) - 1, matchIdx, IFNA(MATCH(x, OFFSET(Translation_Matrix!$B$1, rowX, 0, 1, 8), 1), 1), colIdx, MIN(6, matchIdx - 1), ROUND(FORECAST(x, OFFSET(Translation_Matrix!$B$1, rowY, colIdx, 1, 2), OFFSET(Translation_Matrix!$B$1, rowX, colIdx, 1, 2)), 0)))),""))} | D5: {=IF($A5="", "", IFERROR(LET(x, XLOOKUP(D$2, Players!$A$1:$P$1, Players!$A4:$P4), IF(D$2="Hgt", ROUND(FORECAST(x, Percentiles!$L$2:$L$12, Percentiles!$M$2:$M$12), 2), LET(rowX, MATCH(D$2, Translation_Matrix!$A$1:$A$37, 0) - 1, rowY, MATCH(D$1, Translation_Matrix!$A$1:$A$37, 0) - 1, matchIdx, IFNA(MATCH(x, OFFSET(Translation_Matrix!$B$1, rowX, 0, 1, 8), 1), 1), colIdx, MIN(6, matchIdx - 1), ROUND(FORECAST(x, OFFSET(Translation_Matrix!$B$1, rowY, colIdx, 1, 2), OFFSET(Translation_Matrix!$B$1, rowX, colIdx, 1, 2)), 0)))),""))} | E5: {=IF($A5="", "", IFERROR(LET(x, XLOOKUP(E$2, Players!$A$1:$P$1, Players!$A4:$P4), IF(E$2="Hgt", ROUND(FORECAST(x, Percentiles!$L$2:$L$12, Percentiles!$M$2:$M$12), 2), LET(rowX, MATCH(E$2, Translation_Matrix!$A$1:$A$37, 0) - 1, rowY, MATCH(E$1, Translation_Matrix!$A$1:$A$37, 0) - 1, matchIdx, IFNA(MATCH(x, OFFSET(Translation_Matrix!$B$1, rowX, 0, 1, 8), 1), 1), colIdx, MIN(6, matchIdx - 1), ROUND(FORECAST(x, OFFSET(Translation_Matrix!$B$1, rowY, colIdx, 1, 2), OFFSET(Translation_Matrix!$B$1, rowX, colIdx, 1, 2)), 0)))),""))} | F5: {=IF($A5="", "", IFERROR(LET(x, XLOOKUP(F$2, Players!$A$1:$P$1, Players!$A4:$P4), IF(F$2="Hgt", ROUND(FORECAST(x, Percentiles!$L$2:$L$12, Percentiles!$M$2:$M$12), 2), LET(rowX, MATCH(F$2, Translation_Matrix!$A$1:$A$37, 0) - 1, rowY, MATCH(F$1, Translation_Matrix!$A$1:$A$37, 0) - 1, matchIdx, IFNA(MATCH(x, OFFSET(Translation_Matrix!$B$1, rowX, 0, 1, 8), 1), 1), colIdx, MIN(6, matchIdx - 1), ROUND(FORECAST(x, OFFSET(Translation_Matrix!$B$1, rowY, colIdx, 1, 2), OFFSET(Translation_Matrix!$B$1, rowX, colIdx, 1, 2)), 0)))),""))} | G5: {=IF($A5="", "", IFERROR(LET(x, XLOOKUP(G$2, Players!$A$1:$P$1, Players!$A4:$P4), IF(G$2="Hgt", ROUND(FORECAST(x, Percentiles!$L$2:$L$12, Percentiles!$M$2:$M$12), 2), LET(rowX, MATCH(G$2, Translation_Matrix!$A$1:$A$37, 0) - 1, rowY, MATCH(G$1, Translation_Matrix!$A$1:$A$37, 0) - 1, matchIdx, IFNA(MATCH(x, OFFSET(Translation_Matrix!$B$1, rowX, 0, 1, 8), 1), 1), colIdx, MIN(6, matchIdx - 1), ROUND(FORECAST(x, OFFSET(Translation_Matrix!$B$1, rowY, colIdx, 1, 2), OFFSET(Translation_Matrix!$B$1, rowX, colIdx, 1, 2)), 0)))),""))} | H5: {=IF($A5="", "", IFERROR(LET(x, XLOOKUP(H$2, Players!$A$1:$P$1, Players!$A4:$P4), IF(H$2="Hgt", ROUND(FORECAST(x, Percentiles!$L$2:$L$12, Percentiles!$M$2:$M$12), 2), LET(rowX, MATCH(H$2, Translation_Matrix!$A$1:$A$37, 0) - 1, rowY, MATCH(H$1, Translation_Matrix!$A$1:$A$37, 0) - 1, matchIdx, IFNA(MATCH(x, OFFSET(Translation_Matrix!$B$1, rowX, 0, 1, 8), 1), 1), colIdx, MIN(6, matchIdx - 1), ROUND(FORECAST(x, OFFSET(Translation_Matrix!$B$1, rowY, colIdx, 1, 2), OFFSET(Translation_Matrix!$B$1, rowX, colIdx, 1, 2)), 0)))),""))} | I5: {=IF($A5="", "", IFERROR(LET(x, XLOOKUP(I$2, Players!$A$1:$P$1, Players!$A4:$P4), IF(I$2="Hgt", ROUND(FORECAST(x, Percentiles!$L$2:$L$12, Percentiles!$M$2:$M$12), 2), LET(rowX, MATCH(I$2, Translation_Matrix!$A$1:$A$37, 0) - 1, rowY, MATCH(I$1, Translation_Matrix!$A$1:$A$37, 0) - 1, matchIdx, IFNA(MATCH(x, OFFSET(Translation_Matrix!$B$1, rowX, 0, 1, 8), 1), 1), colIdx, MIN(6, matchIdx - 1), ROUND(FORECAST(x, OFFSET(Translation_Matrix!$B$1, rowY, colIdx, 1, 2), OFFSET(Translation_Matrix!$B$1, rowX, colIdx, 1, 2)), 0)))),""))} | ... W5: {=IF($A5="", "", IFERROR(LET(x, XLOOKUP(W$2, Players!$A$1:$P$1, Players!$A4:$P4), IF(W$2="Hgt", ROUND(FORECAST(x, Percentiles!$L$2:$L$12, Percentiles!$M$2:$M$12), 2), LET(rowX, MATCH(W$2, Translation_Matrix!$A$1:$A$37, 0) - 1, rowY, MATCH(W$1, Translation_Matrix!$A$1:$A$37, 0) - 1, matchIdx, IFNA(MATCH(x, OFFSET(Translation_Matrix!$B$1, rowX, 0, 1, 8), 1), 1), colIdx, MIN(6, matchIdx - 1), ROUND(FORECAST(x, OFFSET(Translation_Matrix!$B$1, rowY, colIdx, 1, 2), OFFSET(Translation_Matrix!$B$1, rowX, colIdx, 1, 2)), 0)))),""))}
A6: =IF(Players!A5="","",Players!A5) | B6: {=IF($A6="", "", IFERROR(LET(x, XLOOKUP(B$2, Players!$A$1:$P$1, Players!$A5:$P5), IF(B$2="Hgt", ROUND(FORECAST(x, Percentiles!$L$2:$L$12, Percentiles!$M$2:$M$12), 2), LET(rowX, MATCH(B$2, Translation_Matrix!$A$1:$A$37, 0) - 1, rowY, MATCH(B$1, Translation_Matrix!$A$1:$A$37, 0) - 1, matchIdx, IFNA(MATCH(x, OFFSET(Translation_Matrix!$B$1, rowX, 0, 1, 8), 1), 1), colIdx, MIN(6, matchIdx - 1), ROUND(FORECAST(x, OFFSET(Translation_Matrix!$B$1, rowY, colIdx, 1, 2), OFFSET(Translation_Matrix!$B$1, rowX, colIdx, 1, 2)), 0)))),""))} | C6: {=IF($A6="", "", IFERROR(LET(x, XLOOKUP(C$2, Players!$A$1:$P$1, Players!$A5:$P5), IF(C$2="Hgt", ROUND(FORECAST(x, Percentiles!$L$2:$L$12, Percentiles!$M$2:$M$12), 2), LET(rowX, MATCH(C$2, Translation_Matrix!$A$1:$A$37, 0) - 1, rowY, MATCH(C$1, Translation_Matrix!$A$1:$A$37, 0) - 1, matchIdx, IFNA(MATCH(x, OFFSET(Translation_Matrix!$B$1, rowX, 0, 1, 8), 1), 1), colIdx, MIN(6, matchIdx - 1), ROUND(FORECAST(x, OFFSET(Translation_Matrix!$B$1, rowY, colIdx, 1, 2), OFFSET(Translation_Matrix!$B$1, rowX, colIdx, 1, 2)), 0)))),""))} | D6: {=IF($A6="", "", IFERROR(LET(x, XLOOKUP(D$2, Players!$A$1:$P$1, Players!$A5:$P5), IF(D$2="Hgt", ROUND(FORECAST(x, Percentiles!$L$2:$L$12, Percentiles!$M$2:$M$12), 2), LET(rowX, MATCH(D$2, Translation_Matrix!$A$1:$A$37, 0) - 1, rowY, MATCH(D$1, Translation_Matrix!$A$1:$A$37, 0) - 1, matchIdx, IFNA(MATCH(x, OFFSET(Translation_Matrix!$B$1, rowX, 0, 1, 8), 1), 1), colIdx, MIN(6, matchIdx - 1), ROUND(FORECAST(x, OFFSET(Translation_Matrix!$B$1, rowY, colIdx, 1, 2), OFFSET(Translation_Matrix!$B$1, rowX, colIdx, 1, 2)), 0)))),""))} | E6: {=IF($A6="", "", IFERROR(LET(x, XLOOKUP(E$2, Players!$A$1:$P$1, Players!$A5:$P5), IF(E$2="Hgt", ROUND(FORECAST(x, Percentiles!$L$2:$L$12, Percentiles!$M$2:$M$12), 2), LET(rowX, MATCH(E$2, Translation_Matrix!$A$1:$A$37, 0) - 1, rowY, MATCH(E$1, Translation_Matrix!$A$1:$A$37, 0) - 1, matchIdx, IFNA(MATCH(x, OFFSET(Translation_Matrix!$B$1, rowX, 0, 1, 8), 1), 1), colIdx, MIN(6, matchIdx - 1), ROUND(FORECAST(x, OFFSET(Translation_Matrix!$B$1, rowY, colIdx, 1, 2), OFFSET(Translation_Matrix!$B$1, rowX, colIdx, 1, 2)), 0)))),""))} | F6: {=IF($A6="", "", IFERROR(LET(x, XLOOKUP(F$2, Players!$A$1:$P$1, Players!$A5:$P5), IF(F$2="Hgt", ROUND(FORECAST(x, Percentiles!$L$2:$L$12, Percentiles!$M$2:$M$12), 2), LET(rowX, MATCH(F$2, Translation_Matrix!$A$1:$A$37, 0) - 1, rowY, MATCH(F$1, Translation_Matrix!$A$1:$A$37, 0) - 1, matchIdx, IFNA(MATCH(x, OFFSET(Translation_Matrix!$B$1, rowX, 0, 1, 8), 1), 1), colIdx, MIN(6, matchIdx - 1), ROUND(FORECAST(x, OFFSET(Translation_Matrix!$B$1, rowY, colIdx, 1, 2), OFFSET(Translation_Matrix!$B$1, rowX, colIdx, 1, 2)), 0)))),""))} | G6: {=IF($A6="", "", IFERROR(LET(x, XLOOKUP(G$2, Players!$A$1:$P$1, Players!$A5:$P5), IF(G$2="Hgt", ROUND(FORECAST(x, Percentiles!$L$2:$L$12, Percentiles!$M$2:$M$12), 2), LET(rowX, MATCH(G$2, Translation_Matrix!$A$1:$A$37, 0) - 1, rowY, MATCH(G$1, Translation_Matrix!$A$1:$A$37, 0) - 1, matchIdx, IFNA(MATCH(x, OFFSET(Translation_Matrix!$B$1, rowX, 0, 1, 8), 1), 1), colIdx, MIN(6, matchIdx - 1), ROUND(FORECAST(x, OFFSET(Translation_Matrix!$B$1, rowY, colIdx, 1, 2), OFFSET(Translation_Matrix!$B$1, rowX, colIdx, 1, 2)), 0)))),""))} | H6: {=IF($A6="", "", IFERROR(LET(x, XLOOKUP(H$2, Players!$A$1:$P$1, Players!$A5:$P5), IF(H$2="Hgt", ROUND(FORECAST(x, Percentiles!$L$2:$L$12, Percentiles!$M$2:$M$12), 2), LET(rowX, MATCH(H$2, Translation_Matrix!$A$1:$A$37, 0) - 1, rowY, MATCH(H$1, Translation_Matrix!$A$1:$A$37, 0) - 1, matchIdx, IFNA(MATCH(x, OFFSET(Translation_Matrix!$B$1, rowX, 0, 1, 8), 1), 1), colIdx, MIN(6, matchIdx - 1), ROUND(FORECAST(x, OFFSET(Translation_Matrix!$B$1, rowY, colIdx, 1, 2), OFFSET(Translation_Matrix!$B$1, rowX, colIdx, 1, 2)), 0)))),""))} | I6: {=IF($A6="", "", IFERROR(LET(x, XLOOKUP(I$2, Players!$A$1:$P$1, Players!$A5:$P5), IF(I$2="Hgt", ROUND(FORECAST(x, Percentiles!$L$2:$L$12, Percentiles!$M$2:$M$12), 2), LET(rowX, MATCH(I$2, Translation_Matrix!$A$1:$A$37, 0) - 1, rowY, MATCH(I$1, Translation_Matrix!$A$1:$A$37, 0) - 1, matchIdx, IFNA(MATCH(x, OFFSET(Translation_Matrix!$B$1, rowX, 0, 1, 8), 1), 1), colIdx, MIN(6, matchIdx - 1), ROUND(FORECAST(x, OFFSET(Translation_Matrix!$B$1, rowY, colIdx, 1, 2), OFFSET(Translation_Matrix!$B$1, rowX, colIdx, 1, 2)), 0)))),""))} | ... W6: {=IF($A6="", "", IFERROR(LET(x, XLOOKUP(W$2, Players!$A$1:$P$1, Players!$A5:$P5), IF(W$2="Hgt", ROUND(FORECAST(x, Percentiles!$L$2:$L$12, Percentiles!$M$2:$M$12), 2), LET(rowX, MATCH(W$2, Translation_Matrix!$A$1:$A$37, 0) - 1, rowY, MATCH(W$1, Translation_Matrix!$A$1:$A$37, 0) - 1, matchIdx, IFNA(MATCH(x, OFFSET(Translation_Matrix!$B$1, rowX, 0, 1, 8), 1), 1), colIdx, MIN(6, matchIdx - 1), ROUND(FORECAST(x, OFFSET(Translation_Matrix!$B$1, rowY, colIdx, 1, 2), OFFSET(Translation_Matrix!$B$1, rowX, colIdx, 1, 2)), 0)))),""))}
A7: =IF(Players!A6="","",Players!A6) | B7: {=IF($A7="", "", IFERROR(LET(x, XLOOKUP(B$2, Players!$A$1:$P$1, Players!$A6:$P6), IF(B$2="Hgt", ROUND(FORECAST(x, Percentiles!$L$2:$L$12, Percentiles!$M$2:$M$12), 2), LET(rowX, MATCH(B$2, Translation_Matrix!$A$1:$A$37, 0) - 1, rowY, MATCH(B$1, Translation_Matrix!$A$1:$A$37, 0) - 1, matchIdx, IFNA(MATCH(x, OFFSET(Translation_Matrix!$B$1, rowX, 0, 1, 8), 1), 1), colIdx, MIN(6, matchIdx - 1), ROUND(FORECAST(x, OFFSET(Translation_Matrix!$B$1, rowY, colIdx, 1, 2), OFFSET(Translation_Matrix!$B$1, rowX, colIdx, 1, 2)), 0)))),""))} | C7: {=IF($A7="", "", IFERROR(LET(x, XLOOKUP(C$2, Players!$A$1:$P$1, Players!$A6:$P6), IF(C$2="Hgt", ROUND(FORECAST(x, Percentiles!$L$2:$L$12, Percentiles!$M$2:$M$12), 2), LET(rowX, MATCH(C$2, Translation_Matrix!$A$1:$A$37, 0) - 1, rowY, MATCH(C$1, Translation_Matrix!$A$1:$A$37, 0) - 1, matchIdx, IFNA(MATCH(x, OFFSET(Translation_Matrix!$B$1, rowX, 0, 1, 8), 1), 1), colIdx, MIN(6, matchIdx - 1), ROUND(FORECAST(x, OFFSET(Translation_Matrix!$B$1, rowY, colIdx, 1, 2), OFFSET(Translation_Matrix!$B$1, rowX, colIdx, 1, 2)), 0)))),""))} | D7: {=IF($A7="", "", IFERROR(LET(x, XLOOKUP(D$2, Players!$A$1:$P$1, Players!$A6:$P6), IF(D$2="Hgt", ROUND(FORECAST(x, Percentiles!$L$2:$L$12, Percentiles!$M$2:$M$12), 2), LET(rowX, MATCH(D$2, Translation_Matrix!$A$1:$A$37, 0) - 1, rowY, MATCH(D$1, Translation_Matrix!$A$1:$A$37, 0) - 1, matchIdx, IFNA(MATCH(x, OFFSET(Translation_Matrix!$B$1, rowX, 0, 1, 8), 1), 1), colIdx, MIN(6, matchIdx - 1), ROUND(FORECAST(x, OFFSET(Translation_Matrix!$B$1, rowY, colIdx, 1, 2), OFFSET(Translation_Matrix!$B$1, rowX, colIdx, 1, 2)), 0)))),""))} | E7: {=IF($A7="", "", IFERROR(LET(x, XLOOKUP(E$2, Players!$A$1:$P$1, Players!$A6:$P6), IF(E$2="Hgt", ROUND(FORECAST(x, Percentiles!$L$2:$L$12, Percentiles!$M$2:$M$12), 2), LET(rowX, MATCH(E$2, Translation_Matrix!$A$1:$A$37, 0) - 1, rowY, MATCH(E$1, Translation_Matrix!$A$1:$A$37, 0) - 1, matchIdx, IFNA(MATCH(x, OFFSET(Translation_Matrix!$B$1, rowX, 0, 1, 8), 1), 1), colIdx, MIN(6, matchIdx - 1), ROUND(FORECAST(x, OFFSET(Translation_Matrix!$B$1, rowY, colIdx, 1, 2), OFFSET(Translation_Matrix!$B$1, rowX, colIdx, 1, 2)), 0)))),""))} | F7: {=IF($A7="", "", IFERROR(LET(x, XLOOKUP(F$2, Players!$A$1:$P$1, Players!$A6:$P6), IF(F$2="Hgt", ROUND(FORECAST(x, Percentiles!$L$2:$L$12, Percentiles!$M$2:$M$12), 2), LET(rowX, MATCH(F$2, Translation_Matrix!$A$1:$A$37, 0) - 1, rowY, MATCH(F$1, Translation_Matrix!$A$1:$A$37, 0) - 1, matchIdx, IFNA(MATCH(x, OFFSET(Translation_Matrix!$B$1, rowX, 0, 1, 8), 1), 1), colIdx, MIN(6, matchIdx - 1), ROUND(FORECAST(x, OFFSET(Translation_Matrix!$B$1, rowY, colIdx, 1, 2), OFFSET(Translation_Matrix!$B$1, rowX, colIdx, 1, 2)), 0)))),""))} | G7: {=IF($A7="", "", IFERROR(LET(x, XLOOKUP(G$2, Players!$A$1:$P$1, Players!$A6:$P6), IF(G$2="Hgt", ROUND(FORECAST(x, Percentiles!$L$2:$L$12, Percentiles!$M$2:$M$12), 2), LET(rowX, MATCH(G$2, Translation_Matrix!$A$1:$A$37, 0) - 1, rowY, MATCH(G$1, Translation_Matrix!$A$1:$A$37, 0) - 1, matchIdx, IFNA(MATCH(x, OFFSET(Translation_Matrix!$B$1, rowX, 0, 1, 8), 1), 1), colIdx, MIN(6, matchIdx - 1), ROUND(FORECAST(x, OFFSET(Translation_Matrix!$B$1, rowY, colIdx, 1, 2), OFFSET(Translation_Matrix!$B$1, rowX, colIdx, 1, 2)), 0)))),""))} | H7: {=IF($A7="", "", IFERROR(LET(x, XLOOKUP(H$2, Players!$A$1:$P$1, Players!$A6:$P6), IF(H$2="Hgt", ROUND(FORECAST(x, Percentiles!$L$2:$L$12, Percentiles!$M$2:$M$12), 2), LET(rowX, MATCH(H$2, Translation_Matrix!$A$1:$A$37, 0) - 1, rowY, MATCH(H$1, Translation_Matrix!$A$1:$A$37, 0) - 1, matchIdx, IFNA(MATCH(x, OFFSET(Translation_Matrix!$B$1, rowX, 0, 1, 8), 1), 1), colIdx, MIN(6, matchIdx - 1), ROUND(FORECAST(x, OFFSET(Translation_Matrix!$B$1, rowY, colIdx, 1, 2), OFFSET(Translation_Matrix!$B$1, rowX, colIdx, 1, 2)), 0)))),""))} | I7: {=IF($A7="", "", IFERROR(LET(x, XLOOKUP(I$2, Players!$A$1:$P$1, Players!$A6:$P6), IF(I$2="Hgt", ROUND(FORECAST(x, Percentiles!$L$2:$L$12, Percentiles!$M$2:$M$12), 2), LET(rowX, MATCH(I$2, Translation_Matrix!$A$1:$A$37, 0) - 1, rowY, MATCH(I$1, Translation_Matrix!$A$1:$A$37, 0) - 1, matchIdx, IFNA(MATCH(x, OFFSET(Translation_Matrix!$B$1, rowX, 0, 1, 8), 1), 1), colIdx, MIN(6, matchIdx - 1), ROUND(FORECAST(x, OFFSET(Translation_Matrix!$B$1, rowY, colIdx, 1, 2), OFFSET(Translation_Matrix!$B$1, rowX, colIdx, 1, 2)), 0)))),""))} | ... W7: {=IF($A7="", "", IFERROR(LET(x, XLOOKUP(W$2, Players!$A$1:$P$1, Players!$A6:$P6), IF(W$2="Hgt", ROUND(FORECAST(x, Percentiles!$L$2:$L$12, Percentiles!$M$2:$M$12), 2), LET(rowX, MATCH(W$2, Translation_Matrix!$A$1:$A$37, 0) - 1, rowY, MATCH(W$1, Translation_Matrix!$A$1:$A$37, 0) - 1, matchIdx, IFNA(MATCH(x, OFFSET(Translation_Matrix!$B$1, rowX, 0, 1, 8), 1), 1), colIdx, MIN(6, matchIdx - 1), ROUND(FORECAST(x, OFFSET(Translation_Matrix!$B$1, rowY, colIdx, 1, 2), OFFSET(Translation_Matrix!$B$1, rowX, colIdx, 1, 2)), 0)))),""))}
A8: =IF(Players!A7="","",Players!A7) | B8: {=IF($A8="", "", IFERROR(LET(x, XLOOKUP(B$2, Players!$A$1:$P$1, Players!$A7:$P7), IF(B$2="Hgt", ROUND(FORECAST(x, Percentiles!$L$2:$L$12, Percentiles!$M$2:$M$12), 2), LET(rowX, MATCH(B$2, Translation_Matrix!$A$1:$A$37, 0) - 1, rowY, MATCH(B$1, Translation_Matrix!$A$1:$A$37, 0) - 1, matchIdx, IFNA(MATCH(x, OFFSET(Translation_Matrix!$B$1, rowX, 0, 1, 8), 1), 1), colIdx, MIN(6, matchIdx - 1), ROUND(FORECAST(x, OFFSET(Translation_Matrix!$B$1, rowY, colIdx, 1, 2), OFFSET(Translation_Matrix!$B$1, rowX, colIdx, 1, 2)), 0)))),""))} | C8: {=IF($A8="", "", IFERROR(LET(x, XLOOKUP(C$2, Players!$A$1:$P$1, Players!$A7:$P7), IF(C$2="Hgt", ROUND(FORECAST(x, Percentiles!$L$2:$L$12, Percentiles!$M$2:$M$12), 2), LET(rowX, MATCH(C$2, Translation_Matrix!$A$1:$A$37, 0) - 1, rowY, MATCH(C$1, Translation_Matrix!$A$1:$A$37, 0) - 1, matchIdx, IFNA(MATCH(x, OFFSET(Translation_Matrix!$B$1, rowX, 0, 1, 8), 1), 1), colIdx, MIN(6, matchIdx - 1), ROUND(FORECAST(x, OFFSET(Translation_Matrix!$B$1, rowY, colIdx, 1, 2), OFFSET(Translation_Matrix!$B$1, rowX, colIdx, 1, 2)), 0)))),""))} | D8: {=IF($A8="", "", IFERROR(LET(x, XLOOKUP(D$2, Players!$A$1:$P$1, Players!$A7:$P7), IF(D$2="Hgt", ROUND(FORECAST(x, Percentiles!$L$2:$L$12, Percentiles!$M$2:$M$12), 2), LET(rowX, MATCH(D$2, Translation_Matrix!$A$1:$A$37, 0) - 1, rowY, MATCH(D$1, Translation_Matrix!$A$1:$A$37, 0) - 1, matchIdx, IFNA(MATCH(x, OFFSET(Translation_Matrix!$B$1, rowX, 0, 1, 8), 1), 1), colIdx, MIN(6, matchIdx - 1), ROUND(FORECAST(x, OFFSET(Translation_Matrix!$B$1, rowY, colIdx, 1, 2), OFFSET(Translation_Matrix!$B$1, rowX, colIdx, 1, 2)), 0)))),""))} | E8: {=IF($A8="", "", IFERROR(LET(x, XLOOKUP(E$2, Players!$A$1:$P$1, Players!$A7:$P7), IF(E$2="Hgt", ROUND(FORECAST(x, Percentiles!$L$2:$L$12, Percentiles!$M$2:$M$12), 2), LET(rowX, MATCH(E$2, Translation_Matrix!$A$1:$A$37, 0) - 1, rowY, MATCH(E$1, Translation_Matrix!$A$1:$A$37, 0) - 1, matchIdx, IFNA(MATCH(x, OFFSET(Translation_Matrix!$B$1, rowX, 0, 1, 8), 1), 1), colIdx, MIN(6, matchIdx - 1), ROUND(FORECAST(x, OFFSET(Translation_Matrix!$B$1, rowY, colIdx, 1, 2), OFFSET(Translation_Matrix!$B$1, rowX, colIdx, 1, 2)), 0)))),""))} | F8: {=IF($A8="", "", IFERROR(LET(x, XLOOKUP(F$2, Players!$A$1:$P$1, Players!$A7:$P7), IF(F$2="Hgt", ROUND(FORECAST(x, Percentiles!$L$2:$L$12, Percentiles!$M$2:$M$12), 2), LET(rowX, MATCH(F$2, Translation_Matrix!$A$1:$A$37, 0) - 1, rowY, MATCH(F$1, Translation_Matrix!$A$1:$A$37, 0) - 1, matchIdx, IFNA(MATCH(x, OFFSET(Translation_Matrix!$B$1, rowX, 0, 1, 8), 1), 1), colIdx, MIN(6, matchIdx - 1), ROUND(FORECAST(x, OFFSET(Translation_Matrix!$B$1, rowY, colIdx, 1, 2), OFFSET(Translation_Matrix!$B$1, rowX, colIdx, 1, 2)), 0)))),""))} | G8: {=IF($A8="", "", IFERROR(LET(x, XLOOKUP(G$2, Players!$A$1:$P$1, Players!$A7:$P7), IF(G$2="Hgt", ROUND(FORECAST(x, Percentiles!$L$2:$L$12, Percentiles!$M$2:$M$12), 2), LET(rowX, MATCH(G$2, Translation_Matrix!$A$1:$A$37, 0) - 1, rowY, MATCH(G$1, Translation_Matrix!$A$1:$A$37, 0) - 1, matchIdx, IFNA(MATCH(x, OFFSET(Translation_Matrix!$B$1, rowX, 0, 1, 8), 1), 1), colIdx, MIN(6, matchIdx - 1), ROUND(FORECAST(x, OFFSET(Translation_Matrix!$B$1, rowY, colIdx, 1, 2), OFFSET(Translation_Matrix!$B$1, rowX, colIdx, 1, 2)), 0)))),""))} | H8: {=IF($A8="", "", IFERROR(LET(x, XLOOKUP(H$2, Players!$A$1:$P$1, Players!$A7:$P7), IF(H$2="Hgt", ROUND(FORECAST(x, Percentiles!$L$2:$L$12, Percentiles!$M$2:$M$12), 2), LET(rowX, MATCH(H$2, Translation_Matrix!$A$1:$A$37, 0) - 1, rowY, MATCH(H$1, Translation_Matrix!$A$1:$A$37, 0) - 1, matchIdx, IFNA(MATCH(x, OFFSET(Translation_Matrix!$B$1, rowX, 0, 1, 8), 1), 1), colIdx, MIN(6, matchIdx - 1), ROUND(FORECAST(x, OFFSET(Translation_Matrix!$B$1, rowY, colIdx, 1, 2), OFFSET(Translation_Matrix!$B$1, rowX, colIdx, 1, 2)), 0)))),""))} | I8: {=IF($A8="", "", IFERROR(LET(x, XLOOKUP(I$2, Players!$A$1:$P$1, Players!$A7:$P7), IF(I$2="Hgt", ROUND(FORECAST(x, Percentiles!$L$2:$L$12, Percentiles!$M$2:$M$12), 2), LET(rowX, MATCH(I$2, Translation_Matrix!$A$1:$A$37, 0) - 1, rowY, MATCH(I$1, Translation_Matrix!$A$1:$A$37, 0) - 1, matchIdx, IFNA(MATCH(x, OFFSET(Translation_Matrix!$B$1, rowX, 0, 1, 8), 1), 1), colIdx, MIN(6, matchIdx - 1), ROUND(FORECAST(x, OFFSET(Translation_Matrix!$B$1, rowY, colIdx, 1, 2), OFFSET(Translation_Matrix!$B$1, rowX, colIdx, 1, 2)), 0)))),""))} | ... W8: {=IF($A8="", "", IFERROR(LET(x, XLOOKUP(W$2, Players!$A$1:$P$1, Players!$A7:$P7), IF(W$2="Hgt", ROUND(FORECAST(x, Percentiles!$L$2:$L$12, Percentiles!$M$2:$M$12), 2), LET(rowX, MATCH(W$2, Translation_Matrix!$A$1:$A$37, 0) - 1, rowY, MATCH(W$1, Translation_Matrix!$A$1:$A$37, 0) - 1, matchIdx, IFNA(MATCH(x, OFFSET(Translation_Matrix!$B$1, rowX, 0, 1, 8), 1), 1), colIdx, MIN(6, matchIdx - 1), ROUND(FORECAST(x, OFFSET(Translation_Matrix!$B$1, rowY, colIdx, 1, 2), OFFSET(Translation_Matrix!$B$1, rowX, colIdx, 1, 2)), 0)))),""))}
A9: =IF(Players!A8="","",Players!A8) | B9: {=IF($A9="", "", IFERROR(LET(x, XLOOKUP(B$2, Players!$A$1:$P$1, Players!$A8:$P8), IF(B$2="Hgt", ROUND(FORECAST(x, Percentiles!$L$2:$L$12, Percentiles!$M$2:$M$12), 2), LET(rowX, MATCH(B$2, Translation_Matrix!$A$1:$A$37, 0) - 1, rowY, MATCH(B$1, Translation_Matrix!$A$1:$A$37, 0) - 1, matchIdx, IFNA(MATCH(x, OFFSET(Translation_Matrix!$B$1, rowX, 0, 1, 8), 1), 1), colIdx, MIN(6, matchIdx - 1), ROUND(FORECAST(x, OFFSET(Translation_Matrix!$B$1, rowY, colIdx, 1, 2), OFFSET(Translation_Matrix!$B$1, rowX, colIdx, 1, 2)), 0)))),""))} | C9: {=IF($A9="", "", IFERROR(LET(x, XLOOKUP(C$2, Players!$A$1:$P$1, Players!$A8:$P8), IF(C$2="Hgt", ROUND(FORECAST(x, Percentiles!$L$2:$L$12, Percentiles!$M$2:$M$12), 2), LET(rowX, MATCH(C$2, Translation_Matrix!$A$1:$A$37, 0) - 1, rowY, MATCH(C$1, Translation_Matrix!$A$1:$A$37, 0) - 1, matchIdx, IFNA(MATCH(x, OFFSET(Translation_Matrix!$B$1, rowX, 0, 1, 8), 1), 1), colIdx, MIN(6, matchIdx - 1), ROUND(FORECAST(x, OFFSET(Translation_Matrix!$B$1, rowY, colIdx, 1, 2), OFFSET(Translation_Matrix!$B$1, rowX, colIdx, 1, 2)), 0)))),""))} | D9: {=IF($A9="", "", IFERROR(LET(x, XLOOKUP(D$2, Players!$A$1:$P$1, Players!$A8:$P8), IF(D$2="Hgt", ROUND(FORECAST(x, Percentiles!$L$2:$L$12, Percentiles!$M$2:$M$12), 2), LET(rowX, MATCH(D$2, Translation_Matrix!$A$1:$A$37, 0) - 1, rowY, MATCH(D$1, Translation_Matrix!$A$1:$A$37, 0) - 1, matchIdx, IFNA(MATCH(x, OFFSET(Translation_Matrix!$B$1, rowX, 0, 1, 8), 1), 1), colIdx, MIN(6, matchIdx - 1), ROUND(FORECAST(x, OFFSET(Translation_Matrix!$B$1, rowY, colIdx, 1, 2), OFFSET(Translation_Matrix!$B$1, rowX, colIdx, 1, 2)), 0)))),""))} | E9: {=IF($A9="", "", IFERROR(LET(x, XLOOKUP(E$2, Players!$A$1:$P$1, Players!$A8:$P8), IF(E$2="Hgt", ROUND(FORECAST(x, Percentiles!$L$2:$L$12, Percentiles!$M$2:$M$12), 2), LET(rowX, MATCH(E$2, Translation_Matrix!$A$1:$A$37, 0) - 1, rowY, MATCH(E$1, Translation_Matrix!$A$1:$A$37, 0) - 1, matchIdx, IFNA(MATCH(x, OFFSET(Translation_Matrix!$B$1, rowX, 0, 1, 8), 1), 1), colIdx, MIN(6, matchIdx - 1), ROUND(FORECAST(x, OFFSET(Translation_Matrix!$B$1, rowY, colIdx, 1, 2), OFFSET(Translation_Matrix!$B$1, rowX, colIdx, 1, 2)), 0)))),""))} | F9: {=IF($A9="", "", IFERROR(LET(x, XLOOKUP(F$2, Players!$A$1:$P$1, Players!$A8:$P8), IF(F$2="Hgt", ROUND(FORECAST(x, Percentiles!$L$2:$L$12, Percentiles!$M$2:$M$12), 2), LET(rowX, MATCH(F$2, Translation_Matrix!$A$1:$A$37, 0) - 1, rowY, MATCH(F$1, Translation_Matrix!$A$1:$A$37, 0) - 1, matchIdx, IFNA(MATCH(x, OFFSET(Translation_Matrix!$B$1, rowX, 0, 1, 8), 1), 1), colIdx, MIN(6, matchIdx - 1), ROUND(FORECAST(x, OFFSET(Translation_Matrix!$B$1, rowY, colIdx, 1, 2), OFFSET(Translation_Matrix!$B$1, rowX, colIdx, 1, 2)), 0)))),""))} | G9: {=IF($A9="", "", IFERROR(LET(x, XLOOKUP(G$2, Players!$A$1:$P$1, Players!$A8:$P8), IF(G$2="Hgt", ROUND(FORECAST(x, Percentiles!$L$2:$L$12, Percentiles!$M$2:$M$12), 2), LET(rowX, MATCH(G$2, Translation_Matrix!$A$1:$A$37, 0) - 1, rowY, MATCH(G$1, Translation_Matrix!$A$1:$A$37, 0) - 1, matchIdx, IFNA(MATCH(x, OFFSET(Translation_Matrix!$B$1, rowX, 0, 1, 8), 1), 1), colIdx, MIN(6, matchIdx - 1), ROUND(FORECAST(x, OFFSET(Translation_Matrix!$B$1, rowY, colIdx, 1, 2), OFFSET(Translation_Matrix!$B$1, rowX, colIdx, 1, 2)), 0)))),""))} | H9: {=IF($A9="", "", IFERROR(LET(x, XLOOKUP(H$2, Players!$A$1:$P$1, Players!$A8:$P8), IF(H$2="Hgt", ROUND(FORECAST(x, Percentiles!$L$2:$L$12, Percentiles!$M$2:$M$12), 2), LET(rowX, MATCH(H$2, Translation_Matrix!$A$1:$A$37, 0) - 1, rowY, MATCH(H$1, Translation_Matrix!$A$1:$A$37, 0) - 1, matchIdx, IFNA(MATCH(x, OFFSET(Translation_Matrix!$B$1, rowX, 0, 1, 8), 1), 1), colIdx, MIN(6, matchIdx - 1), ROUND(FORECAST(x, OFFSET(Translation_Matrix!$B$1, rowY, colIdx, 1, 2), OFFSET(Translation_Matrix!$B$1, rowX, colIdx, 1, 2)), 0)))),""))} | I9: {=IF($A9="", "", IFERROR(LET(x, XLOOKUP(I$2, Players!$A$1:$P$1, Players!$A8:$P8), IF(I$2="Hgt", ROUND(FORECAST(x, Percentiles!$L$2:$L$12, Percentiles!$M$2:$M$12), 2), LET(rowX, MATCH(I$2, Translation_Matrix!$A$1:$A$37, 0) - 1, rowY, MATCH(I$1, Translation_Matrix!$A$1:$A$37, 0) - 1, matchIdx, IFNA(MATCH(x, OFFSET(Translation_Matrix!$B$1, rowX, 0, 1, 8), 1), 1), colIdx, MIN(6, matchIdx - 1), ROUND(FORECAST(x, OFFSET(Translation_Matrix!$B$1, rowY, colIdx, 1, 2), OFFSET(Translation_Matrix!$B$1, rowX, colIdx, 1, 2)), 0)))),""))} | ... W9: {=IF($A9="", "", IFERROR(LET(x, XLOOKUP(W$2, Players!$A$1:$P$1, Players!$A8:$P8), IF(W$2="Hgt", ROUND(FORECAST(x, Percentiles!$L$2:$L$12, Percentiles!$M$2:$M$12), 2), LET(rowX, MATCH(W$2, Translation_Matrix!$A$1:$A$37, 0) - 1, rowY, MATCH(W$1, Translation_Matrix!$A$1:$A$37, 0) - 1, matchIdx, IFNA(MATCH(x, OFFSET(Translation_Matrix!$B$1, rowX, 0, 1, 8), 1), 1), colIdx, MIN(6, matchIdx - 1), ROUND(FORECAST(x, OFFSET(Translation_Matrix!$B$1, rowY, colIdx, 1, 2), OFFSET(Translation_Matrix!$B$1, rowX, colIdx, 1, 2)), 0)))),""))}
A10: =IF(Players!A9="","",Players!A9) | B10: {=IF($A10="", "", IFERROR(LET(x, XLOOKUP(B$2, Players!$A$1:$P$1, Players!$A9:$P9), IF(B$2="Hgt", ROUND(FORECAST(x, Percentiles!$L$2:$L$12, Percentiles!$M$2:$M$12), 2), LET(rowX, MATCH(B$2, Translation_Matrix!$A$1:$A$37, 0) - 1, rowY, MATCH(B$1, Translation_Matrix!$A$1:$A$37, 0) - 1, matchIdx, IFNA(MATCH(x, OFFSET(Translation_Matrix!$B$1, rowX, 0, 1, 8), 1), 1), colIdx, MIN(6, matchIdx - 1), ROUND(FORECAST(x, OFFSET(Translation_Matrix!$B$1, rowY, colIdx, 1, 2), OFFSET(Translation_Matrix!$B$1, rowX, colIdx, 1, 2)), 0)))),""))} | C10: {=IF($A10="", "", IFERROR(LET(x, XLOOKUP(C$2, Players!$A$1:$P$1, Players!$A9:$P9), IF(C$2="Hgt", ROUND(FORECAST(x, Percentiles!$L$2:$L$12, Percentiles!$M$2:$M$12), 2), LET(rowX, MATCH(C$2, Translation_Matrix!$A$1:$A$37, 0) - 1, rowY, MATCH(C$1, Translation_Matrix!$A$1:$A$37, 0) - 1, matchIdx, IFNA(MATCH(x, OFFSET(Translation_Matrix!$B$1, rowX, 0, 1, 8), 1), 1), colIdx, MIN(6, matchIdx - 1), ROUND(FORECAST(x, OFFSET(Translation_Matrix!$B$1, rowY, colIdx, 1, 2), OFFSET(Translation_Matrix!$B$1, rowX, colIdx, 1, 2)), 0)))),""))} | D10: {=IF($A10="", "", IFERROR(LET(x, XLOOKUP(D$2, Players!$A$1:$P$1, Players!$A9:$P9), IF(D$2="Hgt", ROUND(FORECAST(x, Percentiles!$L$2:$L$12, Percentiles!$M$2:$M$12), 2), LET(rowX, MATCH(D$2, Translation_Matrix!$A$1:$A$37, 0) - 1, rowY, MATCH(D$1, Translation_Matrix!$A$1:$A$37, 0) - 1, matchIdx, IFNA(MATCH(x, OFFSET(Translation_Matrix!$B$1, rowX, 0, 1, 8), 1), 1), colIdx, MIN(6, matchIdx - 1), ROUND(FORECAST(x, OFFSET(Translation_Matrix!$B$1, rowY, colIdx, 1, 2), OFFSET(Translation_Matrix!$B$1, rowX, colIdx, 1, 2)), 0)))),""))} | E10: {=IF($A10="", "", IFERROR(LET(x, XLOOKUP(E$2, Players!$A$1:$P$1, Players!$A9:$P9), IF(E$2="Hgt", ROUND(FORECAST(x, Percentiles!$L$2:$L$12, Percentiles!$M$2:$M$12), 2), LET(rowX, MATCH(E$2, Translation_Matrix!$A$1:$A$37, 0) - 1, rowY, MATCH(E$1, Translation_Matrix!$A$1:$A$37, 0) - 1, matchIdx, IFNA(MATCH(x, OFFSET(Translation_Matrix!$B$1, rowX, 0, 1, 8), 1), 1), colIdx, MIN(6, matchIdx - 1), ROUND(FORECAST(x, OFFSET(Translation_Matrix!$B$1, rowY, colIdx, 1, 2), OFFSET(Translation_Matrix!$B$1, rowX, colIdx, 1, 2)), 0)))),""))} | F10: {=IF($A10="", "", IFERROR(LET(x, XLOOKUP(F$2, Players!$A$1:$P$1, Players!$A9:$P9), IF(F$2="Hgt", ROUND(FORECAST(x, Percentiles!$L$2:$L$12, Percentiles!$M$2:$M$12), 2), LET(rowX, MATCH(F$2, Translation_Matrix!$A$1:$A$37, 0) - 1, rowY, MATCH(F$1, Translation_Matrix!$A$1:$A$37, 0) - 1, matchIdx, IFNA(MATCH(x, OFFSET(Translation_Matrix!$B$1, rowX, 0, 1, 8), 1), 1), colIdx, MIN(6, matchIdx - 1), ROUND(FORECAST(x, OFFSET(Translation_Matrix!$B$1, rowY, colIdx, 1, 2), OFFSET(Translation_Matrix!$B$1, rowX, colIdx, 1, 2)), 0)))),""))} | G10: {=IF($A10="", "", IFERROR(LET(x, XLOOKUP(G$2, Players!$A$1:$P$1, Players!$A9:$P9), IF(G$2="Hgt", ROUND(FORECAST(x, Percentiles!$L$2:$L$12, Percentiles!$M$2:$M$12), 2), LET(rowX, MATCH(G$2, Translation_Matrix!$A$1:$A$37, 0) - 1, rowY, MATCH(G$1, Translation_Matrix!$A$1:$A$37, 0) - 1, matchIdx, IFNA(MATCH(x, OFFSET(Translation_Matrix!$B$1, rowX, 0, 1, 8), 1), 1), colIdx, MIN(6, matchIdx - 1), ROUND(FORECAST(x, OFFSET(Translation_Matrix!$B$1, rowY, colIdx, 1, 2), OFFSET(Translation_Matrix!$B$1, rowX, colIdx, 1, 2)), 0)))),""))} | H10: {=IF($A10="", "", IFERROR(LET(x, XLOOKUP(H$2, Players!$A$1:$P$1, Players!$A9:$P9), IF(H$2="Hgt", ROUND(FORECAST(x, Percentiles!$L$2:$L$12, Percentiles!$M$2:$M$12), 2), LET(rowX, MATCH(H$2, Translation_Matrix!$A$1:$A$37, 0) - 1, rowY, MATCH(H$1, Translation_Matrix!$A$1:$A$37, 0) - 1, matchIdx, IFNA(MATCH(x, OFFSET(Translation_Matrix!$B$1, rowX, 0, 1, 8), 1), 1), colIdx, MIN(6, matchIdx - 1), ROUND(FORECAST(x, OFFSET(Translation_Matrix!$B$1, rowY, colIdx, 1, 2), OFFSET(Translation_Matrix!$B$1, rowX, colIdx, 1, 2)), 0)))),""))} | I10: {=IF($A10="", "", IFERROR(LET(x, XLOOKUP(I$2, Players!$A$1:$P$1, Players!$A9:$P9), IF(I$2="Hgt", ROUND(FORECAST(x, Percentiles!$L$2:$L$12, Percentiles!$M$2:$M$12), 2), LET(rowX, MATCH(I$2, Translation_Matrix!$A$1:$A$37, 0) - 1, rowY, MATCH(I$1, Translation_Matrix!$A$1:$A$37, 0) - 1, matchIdx, IFNA(MATCH(x, OFFSET(Translation_Matrix!$B$1, rowX, 0, 1, 8), 1), 1), colIdx, MIN(6, matchIdx - 1), ROUND(FORECAST(x, OFFSET(Translation_Matrix!$B$1, rowY, colIdx, 1, 2), OFFSET(Translation_Matrix!$B$1, rowX, colIdx, 1, 2)), 0)))),""))} | ... W10: {=IF($A10="", "", IFERROR(LET(x, XLOOKUP(W$2, Players!$A$1:$P$1, Players!$A9:$P9), IF(W$2="Hgt", ROUND(FORECAST(x, Percentiles!$L$2:$L$12, Percentiles!$M$2:$M$12), 2), LET(rowX, MATCH(W$2, Translation_Matrix!$A$1:$A$37, 0) - 1, rowY, MATCH(W$1, Translation_Matrix!$A$1:$A$37, 0) - 1, matchIdx, IFNA(MATCH(x, OFFSET(Translation_Matrix!$B$1, rowX, 0, 1, 8), 1), 1), colIdx, MIN(6, matchIdx - 1), ROUND(FORECAST(x, OFFSET(Translation_Matrix!$B$1, rowY, colIdx, 1, 2), OFFSET(Translation_Matrix!$B$1, rowX, colIdx, 1, 2)), 0)))),""))}
A11: =IF(Players!A10="","",Players!A10) | B11: {=IF($A11="", "", IFERROR(LET(x, XLOOKUP(B$2, Players!$A$1:$P$1, Players!$A10:$P10), IF(B$2="Hgt", ROUND(FORECAST(x, Percentiles!$L$2:$L$12, Percentiles!$M$2:$M$12), 2), LET(rowX, MATCH(B$2, Translation_Matrix!$A$1:$A$37, 0) - 1, rowY, MATCH(B$1, Translation_Matrix!$A$1:$A$37, 0) - 1, matchIdx, IFNA(MATCH(x, OFFSET(Translation_Matrix!$B$1, rowX, 0, 1, 8), 1), 1), colIdx, MIN(6, matchIdx - 1), ROUND(FORECAST(x, OFFSET(Translation_Matrix!$B$1, rowY, colIdx, 1, 2), OFFSET(Translation_Matrix!$B$1, rowX, colIdx, 1, 2)), 0)))),""))} | C11: {=IF($A11="", "", IFERROR(LET(x, XLOOKUP(C$2, Players!$A$1:$P$1, Players!$A10:$P10), IF(C$2="Hgt", ROUND(FORECAST(x, Percentiles!$L$2:$L$12, Percentiles!$M$2:$M$12), 2), LET(rowX, MATCH(C$2, Translation_Matrix!$A$1:$A$37, 0) - 1, rowY, MATCH(C$1, Translation_Matrix!$A$1:$A$37, 0) - 1, matchIdx, IFNA(MATCH(x, OFFSET(Translation_Matrix!$B$1, rowX, 0, 1, 8), 1), 1), colIdx, MIN(6, matchIdx - 1), ROUND(FORECAST(x, OFFSET(Translation_Matrix!$B$1, rowY, colIdx, 1, 2), OFFSET(Translation_Matrix!$B$1, rowX, colIdx, 1, 2)), 0)))),""))} | D11: {=IF($A11="", "", IFERROR(LET(x, XLOOKUP(D$2, Players!$A$1:$P$1, Players!$A10:$P10), IF(D$2="Hgt", ROUND(FORECAST(x, Percentiles!$L$2:$L$12, Percentiles!$M$2:$M$12), 2), LET(rowX, MATCH(D$2, Translation_Matrix!$A$1:$A$37, 0) - 1, rowY, MATCH(D$1, Translation_Matrix!$A$1:$A$37, 0) - 1, matchIdx, IFNA(MATCH(x, OFFSET(Translation_Matrix!$B$1, rowX, 0, 1, 8), 1), 1), colIdx, MIN(6, matchIdx - 1), ROUND(FORECAST(x, OFFSET(Translation_Matrix!$B$1, rowY, colIdx, 1, 2), OFFSET(Translation_Matrix!$B$1, rowX, colIdx, 1, 2)), 0)))),""))} | E11: {=IF($A11="", "", IFERROR(LET(x, XLOOKUP(E$2, Players!$A$1:$P$1, Players!$A10:$P10), IF(E$2="Hgt", ROUND(FORECAST(x, Percentiles!$L$2:$L$12, Percentiles!$M$2:$M$12), 2), LET(rowX, MATCH(E$2, Translation_Matrix!$A$1:$A$37, 0) - 1, rowY, MATCH(E$1, Translation_Matrix!$A$1:$A$37, 0) - 1, matchIdx, IFNA(MATCH(x, OFFSET(Translation_Matrix!$B$1, rowX, 0, 1, 8), 1), 1), colIdx, MIN(6, matchIdx - 1), ROUND(FORECAST(x, OFFSET(Translation_Matrix!$B$1, rowY, colIdx, 1, 2), OFFSET(Translation_Matrix!$B$1, rowX, colIdx, 1, 2)), 0)))),""))} | F11: {=IF($A11="", "", IFERROR(LET(x, XLOOKUP(F$2, Players!$A$1:$P$1, Players!$A10:$P10), IF(F$2="Hgt", ROUND(FORECAST(x, Percentiles!$L$2:$L$12, Percentiles!$M$2:$M$12), 2), LET(rowX, MATCH(F$2, Translation_Matrix!$A$1:$A$37, 0) - 1, rowY, MATCH(F$1, Translation_Matrix!$A$1:$A$37, 0) - 1, matchIdx, IFNA(MATCH(x, OFFSET(Translation_Matrix!$B$1, rowX, 0, 1, 8), 1), 1), colIdx, MIN(6, matchIdx - 1), ROUND(FORECAST(x, OFFSET(Translation_Matrix!$B$1, rowY, colIdx, 1, 2), OFFSET(Translation_Matrix!$B$1, rowX, colIdx, 1, 2)), 0)))),""))} | G11: {=IF($A11="", "", IFERROR(LET(x, XLOOKUP(G$2, Players!$A$1:$P$1, Players!$A10:$P10), IF(G$2="Hgt", ROUND(FORECAST(x, Percentiles!$L$2:$L$12, Percentiles!$M$2:$M$12), 2), LET(rowX, MATCH(G$2, Translation_Matrix!$A$1:$A$37, 0) - 1, rowY, MATCH(G$1, Translation_Matrix!$A$1:$A$37, 0) - 1, matchIdx, IFNA(MATCH(x, OFFSET(Translation_Matrix!$B$1, rowX, 0, 1, 8), 1), 1), colIdx, MIN(6, matchIdx - 1), ROUND(FORECAST(x, OFFSET(Translation_Matrix!$B$1, rowY, colIdx, 1, 2), OFFSET(Translation_Matrix!$B$1, rowX, colIdx, 1, 2)), 0)))),""))} | H11: {=IF($A11="", "", IFERROR(LET(x, XLOOKUP(H$2, Players!$A$1:$P$1, Players!$A10:$P10), IF(H$2="Hgt", ROUND(FORECAST(x, Percentiles!$L$2:$L$12, Percentiles!$M$2:$M$12), 2), LET(rowX, MATCH(H$2, Translation_Matrix!$A$1:$A$37, 0) - 1, rowY, MATCH(H$1, Translation_Matrix!$A$1:$A$37, 0) - 1, matchIdx, IFNA(MATCH(x, OFFSET(Translation_Matrix!$B$1, rowX, 0, 1, 8), 1), 1), colIdx, MIN(6, matchIdx - 1), ROUND(FORECAST(x, OFFSET(Translation_Matrix!$B$1, rowY, colIdx, 1, 2), OFFSET(Translation_Matrix!$B$1, rowX, colIdx, 1, 2)), 0)))),""))} | I11: {=IF($A11="", "", IFERROR(LET(x, XLOOKUP(I$2, Players!$A$1:$P$1, Players!$A10:$P10), IF(I$2="Hgt", ROUND(FORECAST(x, Percentiles!$L$2:$L$12, Percentiles!$M$2:$M$12), 2), LET(rowX, MATCH(I$2, Translation_Matrix!$A$1:$A$37, 0) - 1, rowY, MATCH(I$1, Translation_Matrix!$A$1:$A$37, 0) - 1, matchIdx, IFNA(MATCH(x, OFFSET(Translation_Matrix!$B$1, rowX, 0, 1, 8), 1), 1), colIdx, MIN(6, matchIdx - 1), ROUND(FORECAST(x, OFFSET(Translation_Matrix!$B$1, rowY, colIdx, 1, 2), OFFSET(Translation_Matrix!$B$1, rowX, colIdx, 1, 2)), 0)))),""))} | ... W11: {=IF($A11="", "", IFERROR(LET(x, XLOOKUP(W$2, Players!$A$1:$P$1, Players!$A10:$P10), IF(W$2="Hgt", ROUND(FORECAST(x, Percentiles!$L$2:$L$12, Percentiles!$M$2:$M$12), 2), LET(rowX, MATCH(W$2, Translation_Matrix!$A$1:$A$37, 0) - 1, rowY, MATCH(W$1, Translation_Matrix!$A$1:$A$37, 0) - 1, matchIdx, IFNA(MATCH(x, OFFSET(Translation_Matrix!$B$1, rowX, 0, 1, 8), 1), 1), colIdx, MIN(6, matchIdx - 1), ROUND(FORECAST(x, OFFSET(Translation_Matrix!$B$1, rowY, colIdx, 1, 2), OFFSET(Translation_Matrix!$B$1, rowX, colIdx, 1, 2)), 0)))),""))}
A12: =IF(Players!A11="","",Players!A11) | B12: {=IF($A12="", "", IFERROR(LET(x, XLOOKUP(B$2, Players!$A$1:$P$1, Players!$A11:$P11), IF(B$2="Hgt", ROUND(FORECAST(x, Percentiles!$L$2:$L$12, Percentiles!$M$2:$M$12), 2), LET(rowX, MATCH(B$2, Translation_Matrix!$A$1:$A$37, 0) - 1, rowY, MATCH(B$1, Translation_Matrix!$A$1:$A$37, 0) - 1, matchIdx, IFNA(MATCH(x, OFFSET(Translation_Matrix!$B$1, rowX, 0, 1, 8), 1), 1), colIdx, MIN(6, matchIdx - 1), ROUND(FORECAST(x, OFFSET(Translation_Matrix!$B$1, rowY, colIdx, 1, 2), OFFSET(Translation_Matrix!$B$1, rowX, colIdx, 1, 2)), 0)))),""))} | C12: {=IF($A12="", "", IFERROR(LET(x, XLOOKUP(C$2, Players!$A$1:$P$1, Players!$A11:$P11), IF(C$2="Hgt", ROUND(FORECAST(x, Percentiles!$L$2:$L$12, Percentiles!$M$2:$M$12), 2), LET(rowX, MATCH(C$2, Translation_Matrix!$A$1:$A$37, 0) - 1, rowY, MATCH(C$1, Translation_Matrix!$A$1:$A$37, 0) - 1, matchIdx, IFNA(MATCH(x, OFFSET(Translation_Matrix!$B$1, rowX, 0, 1, 8), 1), 1), colIdx, MIN(6, matchIdx - 1), ROUND(FORECAST(x, OFFSET(Translation_Matrix!$B$1, rowY, colIdx, 1, 2), OFFSET(Translation_Matrix!$B$1, rowX, colIdx, 1, 2)), 0)))),""))} | D12: {=IF($A12="", "", IFERROR(LET(x, XLOOKUP(D$2, Players!$A$1:$P$1, Players!$A11:$P11), IF(D$2="Hgt", ROUND(FORECAST(x, Percentiles!$L$2:$L$12, Percentiles!$M$2:$M$12), 2), LET(rowX, MATCH(D$2, Translation_Matrix!$A$1:$A$37, 0) - 1, rowY, MATCH(D$1, Translation_Matrix!$A$1:$A$37, 0) - 1, matchIdx, IFNA(MATCH(x, OFFSET(Translation_Matrix!$B$1, rowX, 0, 1, 8), 1), 1), colIdx, MIN(6, matchIdx - 1), ROUND(FORECAST(x, OFFSET(Translation_Matrix!$B$1, rowY, colIdx, 1, 2), OFFSET(Translation_Matrix!$B$1, rowX, colIdx, 1, 2)), 0)))),""))} | E12: {=IF($A12="", "", IFERROR(LET(x, XLOOKUP(E$2, Players!$A$1:$P$1, Players!$A11:$P11), IF(E$2="Hgt", ROUND(FORECAST(x, Percentiles!$L$2:$L$12, Percentiles!$M$2:$M$12), 2), LET(rowX, MATCH(E$2, Translation_Matrix!$A$1:$A$37, 0) - 1, rowY, MATCH(E$1, Translation_Matrix!$A$1:$A$37, 0) - 1, matchIdx, IFNA(MATCH(x, OFFSET(Translation_Matrix!$B$1, rowX, 0, 1, 8), 1), 1), colIdx, MIN(6, matchIdx - 1), ROUND(FORECAST(x, OFFSET(Translation_Matrix!$B$1, rowY, colIdx, 1, 2), OFFSET(Translation_Matrix!$B$1, rowX, colIdx, 1, 2)), 0)))),""))} | F12: {=IF($A12="", "", IFERROR(LET(x, XLOOKUP(F$2, Players!$A$1:$P$1, Players!$A11:$P11), IF(F$2="Hgt", ROUND(FORECAST(x, Percentiles!$L$2:$L$12, Percentiles!$M$2:$M$12), 2), LET(rowX, MATCH(F$2, Translation_Matrix!$A$1:$A$37, 0) - 1, rowY, MATCH(F$1, Translation_Matrix!$A$1:$A$37, 0) - 1, matchIdx, IFNA(MATCH(x, OFFSET(Translation_Matrix!$B$1, rowX, 0, 1, 8), 1), 1), colIdx, MIN(6, matchIdx - 1), ROUND(FORECAST(x, OFFSET(Translation_Matrix!$B$1, rowY, colIdx, 1, 2), OFFSET(Translation_Matrix!$B$1, rowX, colIdx, 1, 2)), 0)))),""))} | G12: {=IF($A12="", "", IFERROR(LET(x, XLOOKUP(G$2, Players!$A$1:$P$1, Players!$A11:$P11), IF(G$2="Hgt", ROUND(FORECAST(x, Percentiles!$L$2:$L$12, Percentiles!$M$2:$M$12), 2), LET(rowX, MATCH(G$2, Translation_Matrix!$A$1:$A$37, 0) - 1, rowY, MATCH(G$1, Translation_Matrix!$A$1:$A$37, 0) - 1, matchIdx, IFNA(MATCH(x, OFFSET(Translation_Matrix!$B$1, rowX, 0, 1, 8), 1), 1), colIdx, MIN(6, matchIdx - 1), ROUND(FORECAST(x, OFFSET(Translation_Matrix!$B$1, rowY, colIdx, 1, 2), OFFSET(Translation_Matrix!$B$1, rowX, colIdx, 1, 2)), 0)))),""))} | H12: {=IF($A12="", "", IFERROR(LET(x, XLOOKUP(H$2, Players!$A$1:$P$1, Players!$A11:$P11), IF(H$2="Hgt", ROUND(FORECAST(x, Percentiles!$L$2:$L$12, Percentiles!$M$2:$M$12), 2), LET(rowX, MATCH(H$2, Translation_Matrix!$A$1:$A$37, 0) - 1, rowY, MATCH(H$1, Translation_Matrix!$A$1:$A$37, 0) - 1, matchIdx, IFNA(MATCH(x, OFFSET(Translation_Matrix!$B$1, rowX, 0, 1, 8), 1), 1), colIdx, MIN(6, matchIdx - 1), ROUND(FORECAST(x, OFFSET(Translation_Matrix!$B$1, rowY, colIdx, 1, 2), OFFSET(Translation_Matrix!$B$1, rowX, colIdx, 1, 2)), 0)))),""))} | I12: {=IF($A12="", "", IFERROR(LET(x, XLOOKUP(I$2, Players!$A$1:$P$1, Players!$A11:$P11), IF(I$2="Hgt", ROUND(FORECAST(x, Percentiles!$L$2:$L$12, Percentiles!$M$2:$M$12), 2), LET(rowX, MATCH(I$2, Translation_Matrix!$A$1:$A$37, 0) - 1, rowY, MATCH(I$1, Translation_Matrix!$A$1:$A$37, 0) - 1, matchIdx, IFNA(MATCH(x, OFFSET(Translation_Matrix!$B$1, rowX, 0, 1, 8), 1), 1), colIdx, MIN(6, matchIdx - 1), ROUND(FORECAST(x, OFFSET(Translation_Matrix!$B$1, rowY, colIdx, 1, 2), OFFSET(Translation_Matrix!$B$1, rowX, colIdx, 1, 2)), 0)))),""))} | ... W12: {=IF($A12="", "", IFERROR(LET(x, XLOOKUP(W$2, Players!$A$1:$P$1, Players!$A11:$P11), IF(W$2="Hgt", ROUND(FORECAST(x, Percentiles!$L$2:$L$12, Percentiles!$M$2:$M$12), 2), LET(rowX, MATCH(W$2, Translation_Matrix!$A$1:$A$37, 0) - 1, rowY, MATCH(W$1, Translation_Matrix!$A$1:$A$37, 0) - 1, matchIdx, IFNA(MATCH(x, OFFSET(Translation_Matrix!$B$1, rowX, 0, 1, 8), 1), 1), colIdx, MIN(6, matchIdx - 1), ROUND(FORECAST(x, OFFSET(Translation_Matrix!$B$1, rowY, colIdx, 1, 2), OFFSET(Translation_Matrix!$B$1, rowX, colIdx, 1, 2)), 0)))),""))}
A13: =IF(Players!A12="","",Players!A12) | B13: {=IF($A13="", "", IFERROR(LET(x, XLOOKUP(B$2, Players!$A$1:$P$1, Players!$A12:$P12), IF(B$2="Hgt", ROUND(FORECAST(x, Percentiles!$L$2:$L$12, Percentiles!$M$2:$M$12), 2), LET(rowX, MATCH(B$2, Translation_Matrix!$A$1:$A$37, 0) - 1, rowY, MATCH(B$1, Translation_Matrix!$A$1:$A$37, 0) - 1, matchIdx, IFNA(MATCH(x, OFFSET(Translation_Matrix!$B$1, rowX, 0, 1, 8), 1), 1), colIdx, MIN(6, matchIdx - 1), ROUND(FORECAST(x, OFFSET(Translation_Matrix!$B$1, rowY, colIdx, 1, 2), OFFSET(Translation_Matrix!$B$1, rowX, colIdx, 1, 2)), 0)))),""))} | C13: {=IF($A13="", "", IFERROR(LET(x, XLOOKUP(C$2, Players!$A$1:$P$1, Players!$A12:$P12), IF(C$2="Hgt", ROUND(FORECAST(x, Percentiles!$L$2:$L$12, Percentiles!$M$2:$M$12), 2), LET(rowX, MATCH(C$2, Translation_Matrix!$A$1:$A$37, 0) - 1, rowY, MATCH(C$1, Translation_Matrix!$A$1:$A$37, 0) - 1, matchIdx, IFNA(MATCH(x, OFFSET(Translation_Matrix!$B$1, rowX, 0, 1, 8), 1), 1), colIdx, MIN(6, matchIdx - 1), ROUND(FORECAST(x, OFFSET(Translation_Matrix!$B$1, rowY, colIdx, 1, 2), OFFSET(Translation_Matrix!$B$1, rowX, colIdx, 1, 2)), 0)))),""))} | D13: {=IF($A13="", "", IFERROR(LET(x, XLOOKUP(D$2, Players!$A$1:$P$1, Players!$A12:$P12), IF(D$2="Hgt", ROUND(FORECAST(x, Percentiles!$L$2:$L$12, Percentiles!$M$2:$M$12), 2), LET(rowX, MATCH(D$2, Translation_Matrix!$A$1:$A$37, 0) - 1, rowY, MATCH(D$1, Translation_Matrix!$A$1:$A$37, 0) - 1, matchIdx, IFNA(MATCH(x, OFFSET(Translation_Matrix!$B$1, rowX, 0, 1, 8), 1), 1), colIdx, MIN(6, matchIdx - 1), ROUND(FORECAST(x, OFFSET(Translation_Matrix!$B$1, rowY, colIdx, 1, 2), OFFSET(Translation_Matrix!$B$1, rowX, colIdx, 1, 2)), 0)))),""))} | E13: {=IF($A13="", "", IFERROR(LET(x, XLOOKUP(E$2, Players!$A$1:$P$1, Players!$A12:$P12), IF(E$2="Hgt", ROUND(FORECAST(x, Percentiles!$L$2:$L$12, Percentiles!$M$2:$M$12), 2), LET(rowX, MATCH(E$2, Translation_Matrix!$A$1:$A$37, 0) - 1, rowY, MATCH(E$1, Translation_Matrix!$A$1:$A$37, 0) - 1, matchIdx, IFNA(MATCH(x, OFFSET(Translation_Matrix!$B$1, rowX, 0, 1, 8), 1), 1), colIdx, MIN(6, matchIdx - 1), ROUND(FORECAST(x, OFFSET(Translation_Matrix!$B$1, rowY, colIdx, 1, 2), OFFSET(Translation_Matrix!$B$1, rowX, colIdx, 1, 2)), 0)))),""))} | F13: {=IF($A13="", "", IFERROR(LET(x, XLOOKUP(F$2, Players!$A$1:$P$1, Players!$A12:$P12), IF(F$2="Hgt", ROUND(FORECAST(x, Percentiles!$L$2:$L$12, Percentiles!$M$2:$M$12), 2), LET(rowX, MATCH(F$2, Translation_Matrix!$A$1:$A$37, 0) - 1, rowY, MATCH(F$1, Translation_Matrix!$A$1:$A$37, 0) - 1, matchIdx, IFNA(MATCH(x, OFFSET(Translation_Matrix!$B$1, rowX, 0, 1, 8), 1), 1), colIdx, MIN(6, matchIdx - 1), ROUND(FORECAST(x, OFFSET(Translation_Matrix!$B$1, rowY, colIdx, 1, 2), OFFSET(Translation_Matrix!$B$1, rowX, colIdx, 1, 2)), 0)))),""))} | G13: {=IF($A13="", "", IFERROR(LET(x, XLOOKUP(G$2, Players!$A$1:$P$1, Players!$A12:$P12), IF(G$2="Hgt", ROUND(FORECAST(x, Percentiles!$L$2:$L$12, Percentiles!$M$2:$M$12), 2), LET(rowX, MATCH(G$2, Translation_Matrix!$A$1:$A$37, 0) - 1, rowY, MATCH(G$1, Translation_Matrix!$A$1:$A$37, 0) - 1, matchIdx, IFNA(MATCH(x, OFFSET(Translation_Matrix!$B$1, rowX, 0, 1, 8), 1), 1), colIdx, MIN(6, matchIdx - 1), ROUND(FORECAST(x, OFFSET(Translation_Matrix!$B$1, rowY, colIdx, 1, 2), OFFSET(Translation_Matrix!$B$1, rowX, colIdx, 1, 2)), 0)))),""))} | H13: {=IF($A13="", "", IFERROR(LET(x, XLOOKUP(H$2, Players!$A$1:$P$1, Players!$A12:$P12), IF(H$2="Hgt", ROUND(FORECAST(x, Percentiles!$L$2:$L$12, Percentiles!$M$2:$M$12), 2), LET(rowX, MATCH(H$2, Translation_Matrix!$A$1:$A$37, 0) - 1, rowY, MATCH(H$1, Translation_Matrix!$A$1:$A$37, 0) - 1, matchIdx, IFNA(MATCH(x, OFFSET(Translation_Matrix!$B$1, rowX, 0, 1, 8), 1), 1), colIdx, MIN(6, matchIdx - 1), ROUND(FORECAST(x, OFFSET(Translation_Matrix!$B$1, rowY, colIdx, 1, 2), OFFSET(Translation_Matrix!$B$1, rowX, colIdx, 1, 2)), 0)))),""))} | I13: {=IF($A13="", "", IFERROR(LET(x, XLOOKUP(I$2, Players!$A$1:$P$1, Players!$A12:$P12), IF(I$2="Hgt", ROUND(FORECAST(x, Percentiles!$L$2:$L$12, Percentiles!$M$2:$M$12), 2), LET(rowX, MATCH(I$2, Translation_Matrix!$A$1:$A$37, 0) - 1, rowY, MATCH(I$1, Translation_Matrix!$A$1:$A$37, 0) - 1, matchIdx, IFNA(MATCH(x, OFFSET(Translation_Matrix!$B$1, rowX, 0, 1, 8), 1), 1), colIdx, MIN(6, matchIdx - 1), ROUND(FORECAST(x, OFFSET(Translation_Matrix!$B$1, rowY, colIdx, 1, 2), OFFSET(Translation_Matrix!$B$1, rowX, colIdx, 1, 2)), 0)))),""))} | ... W13: {=IF($A13="", "", IFERROR(LET(x, XLOOKUP(W$2, Players!$A$1:$P$1, Players!$A12:$P12), IF(W$2="Hgt", ROUND(FORECAST(x, Percentiles!$L$2:$L$12, Percentiles!$M$2:$M$12), 2), LET(rowX, MATCH(W$2, Translation_Matrix!$A$1:$A$37, 0) - 1, rowY, MATCH(W$1, Translation_Matrix!$A$1:$A$37, 0) - 1, matchIdx, IFNA(MATCH(x, OFFSET(Translation_Matrix!$B$1, rowX, 0, 1, 8), 1), 1), colIdx, MIN(6, matchIdx - 1), ROUND(FORECAST(x, OFFSET(Translation_Matrix!$B$1, rowY, colIdx, 1, 2), OFFSET(Translation_Matrix!$B$1, rowX, colIdx, 1, 2)), 0)))),""))}
A14: =IF(Players!A13="","",Players!A13) | B14: {=IF($A14="", "", IFERROR(LET(x, XLOOKUP(B$2, Players!$A$1:$P$1, Players!$A13:$P13), IF(B$2="Hgt", ROUND(FORECAST(x, Percentiles!$L$2:$L$12, Percentiles!$M$2:$M$12), 2), LET(rowX, MATCH(B$2, Translation_Matrix!$A$1:$A$37, 0) - 1, rowY, MATCH(B$1, Translation_Matrix!$A$1:$A$37, 0) - 1, matchIdx, IFNA(MATCH(x, OFFSET(Translation_Matrix!$B$1, rowX, 0, 1, 8), 1), 1), colIdx, MIN(6, matchIdx - 1), ROUND(FORECAST(x, OFFSET(Translation_Matrix!$B$1, rowY, colIdx, 1, 2), OFFSET(Translation_Matrix!$B$1, rowX, colIdx, 1, 2)), 0)))),""))} | C14: {=IF($A14="", "", IFERROR(LET(x, XLOOKUP(C$2, Players!$A$1:$P$1, Players!$A13:$P13), IF(C$2="Hgt", ROUND(FORECAST(x, Percentiles!$L$2:$L$12, Percentiles!$M$2:$M$12), 2), LET(rowX, MATCH(C$2, Translation_Matrix!$A$1:$A$37, 0) - 1, rowY, MATCH(C$1, Translation_Matrix!$A$1:$A$37, 0) - 1, matchIdx, IFNA(MATCH(x, OFFSET(Translation_Matrix!$B$1, rowX, 0, 1, 8), 1), 1), colIdx, MIN(6, matchIdx - 1), ROUND(FORECAST(x, OFFSET(Translation_Matrix!$B$1, rowY, colIdx, 1, 2), OFFSET(Translation_Matrix!$B$1, rowX, colIdx, 1, 2)), 0)))),""))} | D14: {=IF($A14="", "", IFERROR(LET(x, XLOOKUP(D$2, Players!$A$1:$P$1, Players!$A13:$P13), IF(D$2="Hgt", ROUND(FORECAST(x, Percentiles!$L$2:$L$12, Percentiles!$M$2:$M$12), 2), LET(rowX, MATCH(D$2, Translation_Matrix!$A$1:$A$37, 0) - 1, rowY, MATCH(D$1, Translation_Matrix!$A$1:$A$37, 0) - 1, matchIdx, IFNA(MATCH(x, OFFSET(Translation_Matrix!$B$1, rowX, 0, 1, 8), 1), 1), colIdx, MIN(6, matchIdx - 1), ROUND(FORECAST(x, OFFSET(Translation_Matrix!$B$1, rowY, colIdx, 1, 2), OFFSET(Translation_Matrix!$B$1, rowX, colIdx, 1, 2)), 0)))),""))} | E14: {=IF($A14="", "", IFERROR(LET(x, XLOOKUP(E$2, Players!$A$1:$P$1, Players!$A13:$P13), IF(E$2="Hgt", ROUND(FORECAST(x, Percentiles!$L$2:$L$12, Percentiles!$M$2:$M$12), 2), LET(rowX, MATCH(E$2, Translation_Matrix!$A$1:$A$37, 0) - 1, rowY, MATCH(E$1, Translation_Matrix!$A$1:$A$37, 0) - 1, matchIdx, IFNA(MATCH(x, OFFSET(Translation_Matrix!$B$1, rowX, 0, 1, 8), 1), 1), colIdx, MIN(6, matchIdx - 1), ROUND(FORECAST(x, OFFSET(Translation_Matrix!$B$1, rowY, colIdx, 1, 2), OFFSET(Translation_Matrix!$B$1, rowX, colIdx, 1, 2)), 0)))),""))} | F14: {=IF($A14="", "", IFERROR(LET(x, XLOOKUP(F$2, Players!$A$1:$P$1, Players!$A13:$P13), IF(F$2="Hgt", ROUND(FORECAST(x, Percentiles!$L$2:$L$12, Percentiles!$M$2:$M$12), 2), LET(rowX, MATCH(F$2, Translation_Matrix!$A$1:$A$37, 0) - 1, rowY, MATCH(F$1, Translation_Matrix!$A$1:$A$37, 0) - 1, matchIdx, IFNA(MATCH(x, OFFSET(Translation_Matrix!$B$1, rowX, 0, 1, 8), 1), 1), colIdx, MIN(6, matchIdx - 1), ROUND(FORECAST(x, OFFSET(Translation_Matrix!$B$1, rowY, colIdx, 1, 2), OFFSET(Translation_Matrix!$B$1, rowX, colIdx, 1, 2)), 0)))),""))} | G14: {=IF($A14="", "", IFERROR(LET(x, XLOOKUP(G$2, Players!$A$1:$P$1, Players!$A13:$P13), IF(G$2="Hgt", ROUND(FORECAST(x, Percentiles!$L$2:$L$12, Percentiles!$M$2:$M$12), 2), LET(rowX, MATCH(G$2, Translation_Matrix!$A$1:$A$37, 0) - 1, rowY, MATCH(G$1, Translation_Matrix!$A$1:$A$37, 0) - 1, matchIdx, IFNA(MATCH(x, OFFSET(Translation_Matrix!$B$1, rowX, 0, 1, 8), 1), 1), colIdx, MIN(6, matchIdx - 1), ROUND(FORECAST(x, OFFSET(Translation_Matrix!$B$1, rowY, colIdx, 1, 2), OFFSET(Translation_Matrix!$B$1, rowX, colIdx, 1, 2)), 0)))),""))} | H14: {=IF($A14="", "", IFERROR(LET(x, XLOOKUP(H$2, Players!$A$1:$P$1, Players!$A13:$P13), IF(H$2="Hgt", ROUND(FORECAST(x, Percentiles!$L$2:$L$12, Percentiles!$M$2:$M$12), 2), LET(rowX, MATCH(H$2, Translation_Matrix!$A$1:$A$37, 0) - 1, rowY, MATCH(H$1, Translation_Matrix!$A$1:$A$37, 0) - 1, matchIdx, IFNA(MATCH(x, OFFSET(Translation_Matrix!$B$1, rowX, 0, 1, 8), 1), 1), colIdx, MIN(6, matchIdx - 1), ROUND(FORECAST(x, OFFSET(Translation_Matrix!$B$1, rowY, colIdx, 1, 2), OFFSET(Translation_Matrix!$B$1, rowX, colIdx, 1, 2)), 0)))),""))} | I14: {=IF($A14="", "", IFERROR(LET(x, XLOOKUP(I$2, Players!$A$1:$P$1, Players!$A13:$P13), IF(I$2="Hgt", ROUND(FORECAST(x, Percentiles!$L$2:$L$12, Percentiles!$M$2:$M$12), 2), LET(rowX, MATCH(I$2, Translation_Matrix!$A$1:$A$37, 0) - 1, rowY, MATCH(I$1, Translation_Matrix!$A$1:$A$37, 0) - 1, matchIdx, IFNA(MATCH(x, OFFSET(Translation_Matrix!$B$1, rowX, 0, 1, 8), 1), 1), colIdx, MIN(6, matchIdx - 1), ROUND(FORECAST(x, OFFSET(Translation_Matrix!$B$1, rowY, colIdx, 1, 2), OFFSET(Translation_Matrix!$B$1, rowX, colIdx, 1, 2)), 0)))),""))} | ... W14: {=IF($A14="", "", IFERROR(LET(x, XLOOKUP(W$2, Players!$A$1:$P$1, Players!$A13:$P13), IF(W$2="Hgt", ROUND(FORECAST(x, Percentiles!$L$2:$L$12, Percentiles!$M$2:$M$12), 2), LET(rowX, MATCH(W$2, Translation_Matrix!$A$1:$A$37, 0) - 1, rowY, MATCH(W$1, Translation_Matrix!$A$1:$A$37, 0) - 1, matchIdx, IFNA(MATCH(x, OFFSET(Translation_Matrix!$B$1, rowX, 0, 1, 8), 1), 1), colIdx, MIN(6, matchIdx - 1), ROUND(FORECAST(x, OFFSET(Translation_Matrix!$B$1, rowY, colIdx, 1, 2), OFFSET(Translation_Matrix!$B$1, rowX, colIdx, 1, 2)), 0)))),""))}
... A100: =IF(Players!A99="","",Players!A99) | B100: {=IF($A100="", "", IFERROR(LET(x, XLOOKUP(B$2, Players!$A$1:$P$1, Players!$A99:$P99), IF(B$2="Hgt", ROUND(FORECAST(x, Percentiles!$L$2:$L$12, Percentiles!$M$2:$M$12), 2), LET(rowX, MATCH(B$2, Translation_Matrix!$A$1:$A$37, 0) - 1, rowY, MATCH(B$1, Translation_Matrix!$A$1:$A$37, 0) - 1, matchIdx, IFNA(MATCH(x, OFFSET(Translation_Matrix!$B$1, rowX, 0, 1, 8), 1), 1), colIdx, MIN(6, matchIdx - 1), ROUND(FORECAST(x, OFFSET(Translation_Matrix!$B$1, rowY, colIdx, 1, 2), OFFSET(Translation_Matrix!$B$1, rowX, colIdx, 1, 2)), 0)))),""))} | C100: {=IF($A100="", "", IFERROR(LET(x, XLOOKUP(C$2, Players!$A$1:$P$1, Players!$A99:$P99), IF(C$2="Hgt", ROUND(FORECAST(x, Percentiles!$L$2:$L$12, Percentiles!$M$2:$M$12), 2), LET(rowX, MATCH(C$2, Translation_Matrix!$A$1:$A$37, 0) - 1, rowY, MATCH(C$1, Translation_Matrix!$A$1:$A$37, 0) - 1, matchIdx, IFNA(MATCH(x, OFFSET(Translation_Matrix!$B$1, rowX, 0, 1, 8), 1), 1), colIdx, MIN(6, matchIdx - 1), ROUND(FORECAST(x, OFFSET(Translation_Matrix!$B$1, rowY, colIdx, 1, 2), OFFSET(Translation_Matrix!$B$1, rowX, colIdx, 1, 2)), 0)))),""))} | D100: {=IF($A100="", "", IFERROR(LET(x, XLOOKUP(D$2, Players!$A$1:$P$1, Players!$A99:$P99), IF(D$2="Hgt", ROUND(FORECAST(x, Percentiles!$L$2:$L$12, Percentiles!$M$2:$M$12), 2), LET(rowX, MATCH(D$2, Translation_Matrix!$A$1:$A$37, 0) - 1, rowY, MATCH(D$1, Translation_Matrix!$A$1:$A$37, 0) - 1, matchIdx, IFNA(MATCH(x, OFFSET(Translation_Matrix!$B$1, rowX, 0, 1, 8), 1), 1), colIdx, MIN(6, matchIdx - 1), ROUND(FORECAST(x, OFFSET(Translation_Matrix!$B$1, rowY, colIdx, 1, 2), OFFSET(Translation_Matrix!$B$1, rowX, colIdx, 1, 2)), 0)))),""))} | E100: {=IF($A100="", "", IFERROR(LET(x, XLOOKUP(E$2, Players!$A$1:$P$1, Players!$A99:$P99), IF(E$2="Hgt", ROUND(FORECAST(x, Percentiles!$L$2:$L$12, Percentiles!$M$2:$M$12), 2), LET(rowX, MATCH(E$2, Translation_Matrix!$A$1:$A$37, 0) - 1, rowY, MATCH(E$1, Translation_Matrix!$A$1:$A$37, 0) - 1, matchIdx, IFNA(MATCH(x, OFFSET(Translation_Matrix!$B$1, rowX, 0, 1, 8), 1), 1), colIdx, MIN(6, matchIdx - 1), ROUND(FORECAST(x, OFFSET(Translation_Matrix!$B$1, rowY, colIdx, 1, 2), OFFSET(Translation_Matrix!$B$1, rowX, colIdx, 1, 2)), 0)))),""))} | F100: {=IF($A100="", "", IFERROR(LET(x, XLOOKUP(F$2, Players!$A$1:$P$1, Players!$A99:$P99), IF(F$2="Hgt", ROUND(FORECAST(x, Percentiles!$L$2:$L$12, Percentiles!$M$2:$M$12), 2), LET(rowX, MATCH(F$2, Translation_Matrix!$A$1:$A$37, 0) - 1, rowY, MATCH(F$1, Translation_Matrix!$A$1:$A$37, 0) - 1, matchIdx, IFNA(MATCH(x, OFFSET(Translation_Matrix!$B$1, rowX, 0, 1, 8), 1), 1), colIdx, MIN(6, matchIdx - 1), ROUND(FORECAST(x, OFFSET(Translation_Matrix!$B$1, rowY, colIdx, 1, 2), OFFSET(Translation_Matrix!$B$1, rowX, colIdx, 1, 2)), 0)))),""))} | G100: {=IF($A100="", "", IFERROR(LET(x, XLOOKUP(G$2, Players!$A$1:$P$1, Players!$A99:$P99), IF(G$2="Hgt", ROUND(FORECAST(x, Percentiles!$L$2:$L$12, Percentiles!$M$2:$M$12), 2), LET(rowX, MATCH(G$2, Translation_Matrix!$A$1:$A$37, 0) - 1, rowY, MATCH(G$1, Translation_Matrix!$A$1:$A$37, 0) - 1, matchIdx, IFNA(MATCH(x, OFFSET(Translation_Matrix!$B$1, rowX, 0, 1, 8), 1), 1), colIdx, MIN(6, matchIdx - 1), ROUND(FORECAST(x, OFFSET(Translation_Matrix!$B$1, rowY, colIdx, 1, 2), OFFSET(Translation_Matrix!$B$1, rowX, colIdx, 1, 2)), 0)))),""))} | H100: {=IF($A100="", "", IFERROR(LET(x, XLOOKUP(H$2, Players!$A$1:$P$1, Players!$A99:$P99), IF(H$2="Hgt", ROUND(FORECAST(x, Percentiles!$L$2:$L$12, Percentiles!$M$2:$M$12), 2), LET(rowX, MATCH(H$2, Translation_Matrix!$A$1:$A$37, 0) - 1, rowY, MATCH(H$1, Translation_Matrix!$A$1:$A$37, 0) - 1, matchIdx, IFNA(MATCH(x, OFFSET(Translation_Matrix!$B$1, rowX, 0, 1, 8), 1), 1), colIdx, MIN(6, matchIdx - 1), ROUND(FORECAST(x, OFFSET(Translation_Matrix!$B$1, rowY, colIdx, 1, 2), OFFSET(Translation_Matrix!$B$1, rowX, colIdx, 1, 2)), 0)))),""))} | I100: {=IF($A100="", "", IFERROR(LET(x, XLOOKUP(I$2, Players!$A$1:$P$1, Players!$A99:$P99), IF(I$2="Hgt", ROUND(FORECAST(x, Percentiles!$L$2:$L$12, Percentiles!$M$2:$M$12), 2), LET(rowX, MATCH(I$2, Translation_Matrix!$A$1:$A$37, 0) - 1, rowY, MATCH(I$1, Translation_Matrix!$A$1:$A$37, 0) - 1, matchIdx, IFNA(MATCH(x, OFFSET(Translation_Matrix!$B$1, rowX, 0, 1, 8), 1), 1), colIdx, MIN(6, matchIdx - 1), ROUND(FORECAST(x, OFFSET(Translation_Matrix!$B$1, rowY, colIdx, 1, 2), OFFSET(Translation_Matrix!$B$1, rowX, colIdx, 1, 2)), 0)))),""))} | ... W100: {=IF($A100="", "", IFERROR(LET(x, XLOOKUP(W$2, Players!$A$1:$P$1, Players!$A99:$P99), IF(W$2="Hgt", ROUND(FORECAST(x, Percentiles!$L$2:$L$12, Percentiles!$M$2:$M$12), 2), LET(rowX, MATCH(W$2, Translation_Matrix!$A$1:$A$37, 0) - 1, rowY, MATCH(W$1, Translation_Matrix!$A$1:$A$37, 0) - 1, matchIdx, IFNA(MATCH(x, OFFSET(Translation_Matrix!$B$1, rowX, 0, 1, 8), 1), 1), colIdx, MIN(6, matchIdx - 1), ROUND(FORECAST(x, OFFSET(Translation_Matrix!$B$1, rowY, colIdx, 1, 2), OFFSET(Translation_Matrix!$B$1, rowX, colIdx, 1, 2)), 0)))),""))}

Sheet Weighted_Vectors
A1: Name | B1: Height | C1: Strength | D1: Speed | E1: Agility | F1: Vertical | G1: Close Shot | H1: Driving Layup | I1: Post Control | J1: Driving Dunk | K1: Standing Dunk | L1: Free Throw | M1: Midrange Shot | N1: Threepoint Shot | O1: Interior Defense | P1: Perimeter Defense | Q1: Steal | R1: Block | S1: Ball Handle | T1: Speed With Ball | U1: Pass Accuracy | V1: Offensive Rebound | W1: Defensive Rebound
B2: Hgt | C2: Stre | D2: Spd | E2: Spd | F2: Jmp | G2: Ins | H2: Ins | I2: Ins | J2: Dnk | K2: Dnk | L2: FT | M2: Mid | N2: TP | O2: DIQ | P2: DIQ | Q2: DIQ | R2: DIQ | S2: Drb | T2: Drb | U2: Pss | V2: Reb | W2: Reb
A3: =IF(Players!A2="", "", Players!A2) | B3: {=IF($A3="", "", LET(bbgm_stat, INDEX(Players!$A2:$P2, MATCH(B$2, Players!$A$1:$P$1, 0)), perc_75, VLOOKUP(B$2, Percentiles!$A$45:$I$59, 6, FALSE), perc_90, VLOOKUP(B$2, Percentiles!$A$45:$I$59, 7, FALSE), perc_95, VLOOKUP(B$2, Percentiles!$A$45:$I$59, 8, FALSE), perc_85, perc_75 + (perc_90 - perc_75) * (2/3), converted_stat, '2K_Ratings'!B3, IF(bbgm_stat >= perc_95, converted_stat * 3, IF(bbgm_stat >= perc_90, converted_stat * 2, IF(bbgm_stat >= perc_85, converted_stat * 1.5, converted_stat)))))} | C3: {=IF($A3="", "", LET(bbgm_stat, INDEX(Players!$A2:$P2, MATCH(C$2, Players!$A$1:$P$1, 0)), perc_75, VLOOKUP(C$2, Percentiles!$A$45:$I$59, 6, FALSE), perc_90, VLOOKUP(C$2, Percentiles!$A$45:$I$59, 7, FALSE), perc_95, VLOOKUP(C$2, Percentiles!$A$45:$I$59, 8, FALSE), perc_85, perc_75 + (perc_90 - perc_75) * (2/3), converted_stat, '2K_Ratings'!C3, IF(bbgm_stat >= perc_95, converted_stat * 3, IF(bbgm_stat >= perc_90, converted_stat * 2, IF(bbgm_stat >= perc_85, converted_stat * 1.5, converted_stat)))))} | D3: {=IF($A3="", "", LET(bbgm_stat, INDEX(Players!$A2:$P2, MATCH(D$2, Players!$A$1:$P$1, 0)), perc_75, VLOOKUP(D$2, Percentiles!$A$45:$I$59, 6, FALSE), perc_90, VLOOKUP(D$2, Percentiles!$A$45:$I$59, 7, FALSE), perc_95, VLOOKUP(D$2, Percentiles!$A$45:$I$59, 8, FALSE), perc_85, perc_75 + (perc_90 - perc_75) * (2/3), converted_stat, '2K_Ratings'!D3, IF(bbgm_stat >= perc_95, converted_stat * 3, IF(bbgm_stat >= perc_90, converted_stat * 2, IF(bbgm_stat >= perc_85, converted_stat * 1.5, converted_stat)))))} | E3: {=IF($A3="", "", LET(bbgm_stat, INDEX(Players!$A2:$P2, MATCH(E$2, Players!$A$1:$P$1, 0)), perc_75, VLOOKUP(E$2, Percentiles!$A$45:$I$59, 6, FALSE), perc_90, VLOOKUP(E$2, Percentiles!$A$45:$I$59, 7, FALSE), perc_95, VLOOKUP(E$2, Percentiles!$A$45:$I$59, 8, FALSE), perc_85, perc_75 + (perc_90 - perc_75) * (2/3), converted_stat, '2K_Ratings'!E3, IF(bbgm_stat >= perc_95, converted_stat * 3, IF(bbgm_stat >= perc_90, converted_stat * 2, IF(bbgm_stat >= perc_85, converted_stat * 1.5, converted_stat)))))} | F3: {=IF($A3="", "", LET(bbgm_stat, INDEX(Players!$A2:$P2, MATCH(F$2, Players!$A$1:$P$1, 0)), perc_75, VLOOKUP(F$2, Percentiles!$A$45:$I$59, 6, FALSE), perc_90, VLOOKUP(F$2, Percentiles!$A$45:$I$59, 7, FALSE), perc_95, VLOOKUP(F$2, Percentiles!$A$45:$I$59, 8, FALSE), perc_85, perc_75 + (perc_90 - perc_75) * (2/3), converted_stat, '2K_Ratings'!F3, IF(bbgm_stat >= perc_95, converted_stat * 3, IF(bbgm_stat >= perc_90, converted_stat * 2, IF(bbgm_stat >= perc_85, converted_stat * 1.5, converted_stat)))))} | G3: {=IF($A3="", "", LET(bbgm_stat, INDEX(Players!$A2:$P2, MATCH(G$2, Players!$A$1:$P$1, 0)), perc_75, VLOOKUP(G$2, Percentiles!$A$45:$I$59, 6, FALSE), perc_90, VLOOKUP(G$2, Percentiles!$A$45:$I$59, 7, FALSE), perc_95, VLOOKUP(G$2, Percentiles!$A$45:$I$59, 8, FALSE), perc_85, perc_75 + (perc_90 - perc_75) * (2/3), converted_stat, '2K_Ratings'!G3, IF(bbgm_stat >= perc_95, converted_stat * 3, IF(bbgm_stat >= perc_90, converted_stat * 2, IF(bbgm_stat >= perc_85, converted_stat * 1.5, converted_stat)))))} | H3: {=IF($A3="", "", LET(bbgm_stat, INDEX(Players!$A2:$P2, MATCH(H$2, Players!$A$1:$P$1, 0)), perc_75, VLOOKUP(H$2, Percentiles!$A$45:$I$59, 6, FALSE), perc_90, VLOOKUP(H$2, Percentiles!$A$45:$I$59, 7, FALSE), perc_95, VLOOKUP(H$2, Percentiles!$A$45:$I$59, 8, FALSE), perc_85, perc_75 + (perc_90 - perc_75) * (2/3), converted_stat, '2K_Ratings'!H3, IF(bbgm_stat >= perc_95, converted_stat * 3, IF(bbgm_stat >= perc_90, converted_stat * 2, IF(bbgm_stat >= perc_85, converted_stat * 1.5, converted_stat)))))} | I3: {=IF($A3="", "", LET(bbgm_stat, INDEX(Players!$A2:$P2, MATCH(I$2, Players!$A$1:$P$1, 0)), perc_75, VLOOKUP(I$2, Percentiles!$A$45:$I$59, 6, FALSE), perc_90, VLOOKUP(I$2, Percentiles!$A$45:$I$59, 7, FALSE), perc_95, VLOOKUP(I$2, Percentiles!$A$45:$I$59, 8, FALSE), perc_85, perc_75 + (perc_90 - perc_75) * (2/3), converted_stat, '2K_Ratings'!I3, IF(bbgm_stat >= perc_95, converted_stat * 3, IF(bbgm_stat >= perc_90, converted_stat * 2, IF(bbgm_stat >= perc_85, converted_stat * 1.5, converted_stat)))))} | ... W3: {=IF($A3="", "", LET(bbgm_stat, INDEX(Players!$A2:$P2, MATCH(W$2, Players!$A$1:$P$1, 0)), perc_75, VLOOKUP(W$2, Percentiles!$A$45:$I$59, 6, FALSE), perc_90, VLOOKUP(W$2, Percentiles!$A$45:$I$59, 7, FALSE), perc_95, VLOOKUP(W$2, Percentiles!$A$45:$I$59, 8, FALSE), perc_85, perc_75 + (perc_90 - perc_75) * (2/3), converted_stat, '2K_Ratings'!W3, IF(bbgm_stat >= perc_95, converted_stat * 3, IF(bbgm_stat >= perc_90, converted_stat * 2, IF(bbgm_stat >= perc_85, converted_stat * 1.5, converted_stat)))))}
A4: =IF(Players!A3="", "", Players!A3) | B4: {=IF($A4="", "", LET(bbgm_stat, INDEX(Players!$A3:$P3, MATCH(B$2, Players!$A$1:$P$1, 0)), perc_75, VLOOKUP(B$2, Percentiles!$A$45:$I$59, 6, FALSE), perc_90, VLOOKUP(B$2, Percentiles!$A$45:$I$59, 7, FALSE), perc_95, VLOOKUP(B$2, Percentiles!$A$45:$I$59, 8, FALSE), perc_85, perc_75 + (perc_90 - perc_75) * (2/3), converted_stat, '2K_Ratings'!B4, IF(bbgm_stat >= perc_95, converted_stat * 3, IF(bbgm_stat >= perc_90, converted_stat * 2, IF(bbgm_stat >= perc_85, converted_stat * 1.5, converted_stat)))))} | C4: {=IF($A4="", "", LET(bbgm_stat, INDEX(Players!$A3:$P3, MATCH(C$2, Players!$A$1:$P$1, 0)), perc_75, VLOOKUP(C$2, Percentiles!$A$45:$I$59, 6, FALSE), perc_90, VLOOKUP(C$2, Percentiles!$A$45:$I$59, 7, FALSE), perc_95, VLOOKUP(C$2, Percentiles!$A$45:$I$59, 8, FALSE), perc_85, perc_75 + (perc_90 - perc_75) * (2/3), converted_stat, '2K_Ratings'!C4, IF(bbgm_stat >= perc_95, converted_stat * 3, IF(bbgm_stat >= perc_90, converted_stat * 2, IF(bbgm_stat >= perc_85, converted_stat * 1.5, converted_stat)))))} | D4: {=IF($A4="", "", LET(bbgm_stat, INDEX(Players!$A3:$P3, MATCH(D$2, Players!$A$1:$P$1, 0)), perc_75, VLOOKUP(D$2, Percentiles!$A$45:$I$59, 6, FALSE), perc_90, VLOOKUP(D$2, Percentiles!$A$45:$I$59, 7, FALSE), perc_95, VLOOKUP(D$2, Percentiles!$A$45:$I$59, 8, FALSE), perc_85, perc_75 + (perc_90 - perc_75) * (2/3), converted_stat, '2K_Ratings'!D4, IF(bbgm_stat >= perc_95, converted_stat * 3, IF(bbgm_stat >= perc_90, converted_stat * 2, IF(bbgm_stat >= perc_85, converted_stat * 1.5, converted_stat)))))} | E4: {=IF($A4="", "", LET(bbgm_stat, INDEX(Players!$A3:$P3, MATCH(E$2, Players!$A$1:$P$1, 0)), perc_75, VLOOKUP(E$2, Percentiles!$A$45:$I$59, 6, FALSE), perc_90, VLOOKUP(E$2, Percentiles!$A$45:$I$59, 7, FALSE), perc_95, VLOOKUP(E$2, Percentiles!$A$45:$I$59, 8, FALSE), perc_85, perc_75 + (perc_90 - perc_75) * (2/3), converted_stat, '2K_Ratings'!E4, IF(bbgm_stat >= perc_95, converted_stat * 3, IF(bbgm_stat >= perc_90, converted_stat * 2, IF(bbgm_stat >= perc_85, converted_stat * 1.5, converted_stat)))))} | F4: {=IF($A4="", "", LET(bbgm_stat, INDEX(Players!$A3:$P3, MATCH(F$2, Players!$A$1:$P$1, 0)), perc_75, VLOOKUP(F$2, Percentiles!$A$45:$I$59, 6, FALSE), perc_90, VLOOKUP(F$2, Percentiles!$A$45:$I$59, 7, FALSE), perc_95, VLOOKUP(F$2, Percentiles!$A$45:$I$59, 8, FALSE), perc_85, perc_75 + (perc_90 - perc_75) * (2/3), converted_stat, '2K_Ratings'!F4, IF(bbgm_stat >= perc_95, converted_stat * 3, IF(bbgm_stat >= perc_90, converted_stat * 2, IF(bbgm_stat >= perc_85, converted_stat * 1.5, converted_stat)))))} | G4: {=IF($A4="", "", LET(bbgm_stat, INDEX(Players!$A3:$P3, MATCH(G$2, Players!$A$1:$P$1, 0)), perc_75, VLOOKUP(G$2, Percentiles!$A$45:$I$59, 6, FALSE), perc_90, VLOOKUP(G$2, Percentiles!$A$45:$I$59, 7, FALSE), perc_95, VLOOKUP(G$2, Percentiles!$A$45:$I$59, 8, FALSE), perc_85, perc_75 + (perc_90 - perc_75) * (2/3), converted_stat, '2K_Ratings'!G4, IF(bbgm_stat >= perc_95, converted_stat * 3, IF(bbgm_stat >= perc_90, converted_stat * 2, IF(bbgm_stat >= perc_85, converted_stat * 1.5, converted_stat)))))} | H4: {=IF($A4="", "", LET(bbgm_stat, INDEX(Players!$A3:$P3, MATCH(H$2, Players!$A$1:$P$1, 0)), perc_75, VLOOKUP(H$2, Percentiles!$A$45:$I$59, 6, FALSE), perc_90, VLOOKUP(H$2, Percentiles!$A$45:$I$59, 7, FALSE), perc_95, VLOOKUP(H$2, Percentiles!$A$45:$I$59, 8, FALSE), perc_85, perc_75 + (perc_90 - perc_75) * (2/3), converted_stat, '2K_Ratings'!H4, IF(bbgm_stat >= perc_95, converted_stat * 3, IF(bbgm_stat >= perc_90, converted_stat * 2, IF(bbgm_stat >= perc_85, converted_stat * 1.5, converted_stat)))))} | I4: {=IF($A4="", "", LET(bbgm_stat, INDEX(Players!$A3:$P3, MATCH(I$2, Players!$A$1:$P$1, 0)), perc_75, VLOOKUP(I$2, Percentiles!$A$45:$I$59, 6, FALSE), perc_90, VLOOKUP(I$2, Percentiles!$A$45:$I$59, 7, FALSE), perc_95, VLOOKUP(I$2, Percentiles!$A$45:$I$59, 8, FALSE), perc_85, perc_75 + (perc_90 - perc_75) * (2/3), converted_stat, '2K_Ratings'!I4, IF(bbgm_stat >= perc_95, converted_stat * 3, IF(bbgm_stat >= perc_90, converted_stat * 2, IF(bbgm_stat >= perc_85, converted_stat * 1.5, converted_stat)))))} | ... W4: {=IF($A4="", "", LET(bbgm_stat, INDEX(Players!$A3:$P3, MATCH(W$2, Players!$A$1:$P$1, 0)), perc_75, VLOOKUP(W$2, Percentiles!$A$45:$I$59, 6, FALSE), perc_90, VLOOKUP(W$2, Percentiles!$A$45:$I$59, 7, FALSE), perc_95, VLOOKUP(W$2, Percentiles!$A$45:$I$59, 8, FALSE), perc_85, perc_75 + (perc_90 - perc_75) * (2/3), converted_stat, '2K_Ratings'!W4, IF(bbgm_stat >= perc_95, converted_stat * 3, IF(bbgm_stat >= perc_90, converted_stat * 2, IF(bbgm_stat >= perc_85, converted_stat * 1.5, converted_stat)))))}
A5: =IF(Players!A4="", "", Players!A4) | B5: {=IF($A5="", "", LET(bbgm_stat, INDEX(Players!$A4:$P4, MATCH(B$2, Players!$A$1:$P$1, 0)), perc_75, VLOOKUP(B$2, Percentiles!$A$45:$I$59, 6, FALSE), perc_90, VLOOKUP(B$2, Percentiles!$A$45:$I$59, 7, FALSE), perc_95, VLOOKUP(B$2, Percentiles!$A$45:$I$59, 8, FALSE), perc_85, perc_75 + (perc_90 - perc_75) * (2/3), converted_stat, '2K_Ratings'!B5, IF(bbgm_stat >= perc_95, converted_stat * 3, IF(bbgm_stat >= perc_90, converted_stat * 2, IF(bbgm_stat >= perc_85, converted_stat * 1.5, converted_stat)))))} | C5: {=IF($A5="", "", LET(bbgm_stat, INDEX(Players!$A4:$P4, MATCH(C$2, Players!$A$1:$P$1, 0)), perc_75, VLOOKUP(C$2, Percentiles!$A$45:$I$59, 6, FALSE), perc_90, VLOOKUP(C$2, Percentiles!$A$45:$I$59, 7, FALSE), perc_95, VLOOKUP(C$2, Percentiles!$A$45:$I$59, 8, FALSE), perc_85, perc_75 + (perc_90 - perc_75) * (2/3), converted_stat, '2K_Ratings'!C5, IF(bbgm_stat >= perc_95, converted_stat * 3, IF(bbgm_stat >= perc_90, converted_stat * 2, IF(bbgm_stat >= perc_85, converted_stat * 1.5, converted_stat)))))} | D5: {=IF($A5="", "", LET(bbgm_stat, INDEX(Players!$A4:$P4, MATCH(D$2, Players!$A$1:$P$1, 0)), perc_75, VLOOKUP(D$2, Percentiles!$A$45:$I$59, 6, FALSE), perc_90, VLOOKUP(D$2, Percentiles!$A$45:$I$59, 7, FALSE), perc_95, VLOOKUP(D$2, Percentiles!$A$45:$I$59, 8, FALSE), perc_85, perc_75 + (perc_90 - perc_75) * (2/3), converted_stat, '2K_Ratings'!D5, IF(bbgm_stat >= perc_95, converted_stat * 3, IF(bbgm_stat >= perc_90, converted_stat * 2, IF(bbgm_stat >= perc_85, converted_stat * 1.5, converted_stat)))))} | E5: {=IF($A5="", "", LET(bbgm_stat, INDEX(Players!$A4:$P4, MATCH(E$2, Players!$A$1:$P$1, 0)), perc_75, VLOOKUP(E$2, Percentiles!$A$45:$I$59, 6, FALSE), perc_90, VLOOKUP(E$2, Percentiles!$A$45:$I$59, 7, FALSE), perc_95, VLOOKUP(E$2, Percentiles!$A$45:$I$59, 8, FALSE), perc_85, perc_75 + (perc_90 - perc_75) * (2/3), converted_stat, '2K_Ratings'!E5, IF(bbgm_stat >= perc_95, converted_stat * 3, IF(bbgm_stat >= perc_90, converted_stat * 2, IF(bbgm_stat >= perc_85, converted_stat * 1.5, converted_stat)))))} | F5: {=IF($A5="", "", LET(bbgm_stat, INDEX(Players!$A4:$P4, MATCH(F$2, Players!$A$1:$P$1, 0)), perc_75, VLOOKUP(F$2, Percentiles!$A$45:$I$59, 6, FALSE), perc_90, VLOOKUP(F$2, Percentiles!$A$45:$I$59, 7, FALSE), perc_95, VLOOKUP(F$2, Percentiles!$A$45:$I$59, 8, FALSE), perc_85, perc_75 + (perc_90 - perc_75) * (2/3), converted_stat, '2K_Ratings'!F5, IF(bbgm_stat >= perc_95, converted_stat * 3, IF(bbgm_stat >= perc_90, converted_stat * 2, IF(bbgm_stat >= perc_85, converted_stat * 1.5, converted_stat)))))} | G5: {=IF($A5="", "", LET(bbgm_stat, INDEX(Players!$A4:$P4, MATCH(G$2, Players!$A$1:$P$1, 0)), perc_75, VLOOKUP(G$2, Percentiles!$A$45:$I$59, 6, FALSE), perc_90, VLOOKUP(G$2, Percentiles!$A$45:$I$59, 7, FALSE), perc_95, VLOOKUP(G$2, Percentiles!$A$45:$I$59, 8, FALSE), perc_85, perc_75 + (perc_90 - perc_75) * (2/3), converted_stat, '2K_Ratings'!G5, IF(bbgm_stat >= perc_95, converted_stat * 3, IF(bbgm_stat >= perc_90, converted_stat * 2, IF(bbgm_stat >= perc_85, converted_stat * 1.5, converted_stat)))))} | H5: {=IF($A5="", "", LET(bbgm_stat, INDEX(Players!$A4:$P4, MATCH(H$2, Players!$A$1:$P$1, 0)), perc_75, VLOOKUP(H$2, Percentiles!$A$45:$I$59, 6, FALSE), perc_90, VLOOKUP(H$2, Percentiles!$A$45:$I$59, 7, FALSE), perc_95, VLOOKUP(H$2, Percentiles!$A$45:$I$59, 8, FALSE), perc_85, perc_75 + (perc_90 - perc_75) * (2/3), converted_stat, '2K_Ratings'!H5, IF(bbgm_stat >= perc_95, converted_stat * 3, IF(bbgm_stat >= perc_90, converted_stat * 2, IF(bbgm_stat >= perc_85, converted_stat * 1.5, converted_stat)))))} | I5: {=IF($A5="", "", LET(bbgm_stat, INDEX(Players!$A4:$P4, MATCH(I$2, Players!$A$1:$P$1, 0)), perc_75, VLOOKUP(I$2, Percentiles!$A$45:$I$59, 6, FALSE), perc_90, VLOOKUP(I$2, Percentiles!$A$45:$I$59, 7, FALSE), perc_95, VLOOKUP(I$2, Percentiles!$A$45:$I$59, 8, FALSE), perc_85, perc_75 + (perc_90 - perc_75) * (2/3), converted_stat, '2K_Ratings'!I5, IF(bbgm_stat >= perc_95, converted_stat * 3, IF(bbgm_stat >= perc_90, converted_stat * 2, IF(bbgm_stat >= perc_85, converted_stat * 1.5, converted_stat)))))} | ... W5: {=IF($A5="", "", LET(bbgm_stat, INDEX(Players!$A4:$P4, MATCH(W$2, Players!$A$1:$P$1, 0)), perc_75, VLOOKUP(W$2, Percentiles!$A$45:$I$59, 6, FALSE), perc_90, VLOOKUP(W$2, Percentiles!$A$45:$I$59, 7, FALSE), perc_95, VLOOKUP(W$2, Percentiles!$A$45:$I$59, 8, FALSE), perc_85, perc_75 + (perc_90 - perc_75) * (2/3), converted_stat, '2K_Ratings'!W5, IF(bbgm_stat >= perc_95, converted_stat * 3, IF(bbgm_stat >= perc_90, converted_stat * 2, IF(bbgm_stat >= perc_85, converted_stat * 1.5, converted_stat)))))}
A6: =IF(Players!A5="", "", Players!A5) | B6: {=IF($A6="", "", LET(bbgm_stat, INDEX(Players!$A5:$P5, MATCH(B$2, Players!$A$1:$P$1, 0)), perc_75, VLOOKUP(B$2, Percentiles!$A$45:$I$59, 6, FALSE), perc_90, VLOOKUP(B$2, Percentiles!$A$45:$I$59, 7, FALSE), perc_95, VLOOKUP(B$2, Percentiles!$A$45:$I$59, 8, FALSE), perc_85, perc_75 + (perc_90 - perc_75) * (2/3), converted_stat, '2K_Ratings'!B6, IF(bbgm_stat >= perc_95, converted_stat * 3, IF(bbgm_stat >= perc_90, converted_stat * 2, IF(bbgm_stat >= perc_85, converted_stat * 1.5, converted_stat)))))} | C6: {=IF($A6="", "", LET(bbgm_stat, INDEX(Players!$A5:$P5, MATCH(C$2, Players!$A$1:$P$1, 0)), perc_75, VLOOKUP(C$2, Percentiles!$A$45:$I$59, 6, FALSE), perc_90, VLOOKUP(C$2, Percentiles!$A$45:$I$59, 7, FALSE), perc_95, VLOOKUP(C$2, Percentiles!$A$45:$I$59, 8, FALSE), perc_85, perc_75 + (perc_90 - perc_75) * (2/3), converted_stat, '2K_Ratings'!C6, IF(bbgm_stat >= perc_95, converted_stat * 3, IF(bbgm_stat >= perc_90, converted_stat * 2, IF(bbgm_stat >= perc_85, converted_stat * 1.5, converted_stat)))))} | D6: {=IF($A6="", "", LET(bbgm_stat, INDEX(Players!$A5:$P5, MATCH(D$2, Players!$A$1:$P$1, 0)), perc_75, VLOOKUP(D$2, Percentiles!$A$45:$I$59, 6, FALSE), perc_90, VLOOKUP(D$2, Percentiles!$A$45:$I$59, 7, FALSE), perc_95, VLOOKUP(D$2, Percentiles!$A$45:$I$59, 8, FALSE), perc_85, perc_75 + (perc_90 - perc_75) * (2/3), converted_stat, '2K_Ratings'!D6, IF(bbgm_stat >= perc_95, converted_stat * 3, IF(bbgm_stat >= perc_90, converted_stat * 2, IF(bbgm_stat >= perc_85, converted_stat * 1.5, converted_stat)))))} | E6: {=IF($A6="", "", LET(bbgm_stat, INDEX(Players!$A5:$P5, MATCH(E$2, Players!$A$1:$P$1, 0)), perc_75, VLOOKUP(E$2, Percentiles!$A$45:$I$59, 6, FALSE), perc_90, VLOOKUP(E$2, Percentiles!$A$45:$I$59, 7, FALSE), perc_95, VLOOKUP(E$2, Percentiles!$A$45:$I$59, 8, FALSE), perc_85, perc_75 + (perc_90 - perc_75) * (2/3), converted_stat, '2K_Ratings'!E6, IF(bbgm_stat >= perc_95, converted_stat * 3, IF(bbgm_stat >= perc_90, converted_stat * 2, IF(bbgm_stat >= perc_85, converted_stat * 1.5, converted_stat)))))} | F6: {=IF($A6="", "", LET(bbgm_stat, INDEX(Players!$A5:$P5, MATCH(F$2, Players!$A$1:$P$1, 0)), perc_75, VLOOKUP(F$2, Percentiles!$A$45:$I$59, 6, FALSE), perc_90, VLOOKUP(F$2, Percentiles!$A$45:$I$59, 7, FALSE), perc_95, VLOOKUP(F$2, Percentiles!$A$45:$I$59, 8, FALSE), perc_85, perc_75 + (perc_90 - perc_75) * (2/3), converted_stat, '2K_Ratings'!F6, IF(bbgm_stat >= perc_95, converted_stat * 3, IF(bbgm_stat >= perc_90, converted_stat * 2, IF(bbgm_stat >= perc_85, converted_stat * 1.5, converted_stat)))))} | G6: {=IF($A6="", "", LET(bbgm_stat, INDEX(Players!$A5:$P5, MATCH(G$2, Players!$A$1:$P$1, 0)), perc_75, VLOOKUP(G$2, Percentiles!$A$45:$I$59, 6, FALSE), perc_90, VLOOKUP(G$2, Percentiles!$A$45:$I$59, 7, FALSE), perc_95, VLOOKUP(G$2, Percentiles!$A$45:$I$59, 8, FALSE), perc_85, perc_75 + (perc_90 - perc_75) * (2/3), converted_stat, '2K_Ratings'!G6, IF(bbgm_stat >= perc_95, converted_stat * 3, IF(bbgm_stat >= perc_90, converted_stat * 2, IF(bbgm_stat >= perc_85, converted_stat * 1.5, converted_stat)))))} | H6: {=IF($A6="", "", LET(bbgm_stat, INDEX(Players!$A5:$P5, MATCH(H$2, Players!$A$1:$P$1, 0)), perc_75, VLOOKUP(H$2, Percentiles!$A$45:$I$59, 6, FALSE), perc_90, VLOOKUP(H$2, Percentiles!$A$45:$I$59, 7, FALSE), perc_95, VLOOKUP(H$2, Percentiles!$A$45:$I$59, 8, FALSE), perc_85, perc_75 + (perc_90 - perc_75) * (2/3), converted_stat, '2K_Ratings'!H6, IF(bbgm_stat >= perc_95, converted_stat * 3, IF(bbgm_stat >= perc_90, converted_stat * 2, IF(bbgm_stat >= perc_85, converted_stat * 1.5, converted_stat)))))} | I6: {=IF($A6="", "", LET(bbgm_stat, INDEX(Players!$A5:$P5, MATCH(I$2, Players!$A$1:$P$1, 0)), perc_75, VLOOKUP(I$2, Percentiles!$A$45:$I$59, 6, FALSE), perc_90, VLOOKUP(I$2, Percentiles!$A$45:$I$59, 7, FALSE), perc_95, VLOOKUP(I$2, Percentiles!$A$45:$I$59, 8, FALSE), perc_85, perc_75 + (perc_90 - perc_75) * (2/3), converted_stat, '2K_Ratings'!I6, IF(bbgm_stat >= perc_95, converted_stat * 3, IF(bbgm_stat >= perc_90, converted_stat * 2, IF(bbgm_stat >= perc_85, converted_stat * 1.5, converted_stat)))))} | ... W6: {=IF($A6="", "", LET(bbgm_stat, INDEX(Players!$A5:$P5, MATCH(W$2, Players!$A$1:$P$1, 0)), perc_75, VLOOKUP(W$2, Percentiles!$A$45:$I$59, 6, FALSE), perc_90, VLOOKUP(W$2, Percentiles!$A$45:$I$59, 7, FALSE), perc_95, VLOOKUP(W$2, Percentiles!$A$45:$I$59, 8, FALSE), perc_85, perc_75 + (perc_90 - perc_75) * (2/3), converted_stat, '2K_Ratings'!W6, IF(bbgm_stat >= perc_95, converted_stat * 3, IF(bbgm_stat >= perc_90, converted_stat * 2, IF(bbgm_stat >= perc_85, converted_stat * 1.5, converted_stat)))))}
A7: =IF(Players!A6="", "", Players!A6) | B7: {=IF($A7="", "", LET(bbgm_stat, INDEX(Players!$A6:$P6, MATCH(B$2, Players!$A$1:$P$1, 0)), perc_75, VLOOKUP(B$2, Percentiles!$A$45:$I$59, 6, FALSE), perc_90, VLOOKUP(B$2, Percentiles!$A$45:$I$59, 7, FALSE), perc_95, VLOOKUP(B$2, Percentiles!$A$45:$I$59, 8, FALSE), perc_85, perc_75 + (perc_90 - perc_75) * (2/3), converted_stat, '2K_Ratings'!B7, IF(bbgm_stat >= perc_95, converted_stat * 3, IF(bbgm_stat >= perc_90, converted_stat * 2, IF(bbgm_stat >= perc_85, converted_stat * 1.5, converted_stat)))))} | C7: {=IF($A7="", "", LET(bbgm_stat, INDEX(Players!$A6:$P6, MATCH(C$2, Players!$A$1:$P$1, 0)), perc_75, VLOOKUP(C$2, Percentiles!$A$45:$I$59, 6, FALSE), perc_90, VLOOKUP(C$2, Percentiles!$A$45:$I$59, 7, FALSE), perc_95, VLOOKUP(C$2, Percentiles!$A$45:$I$59, 8, FALSE), perc_85, perc_75 + (perc_90 - perc_75) * (2/3), converted_stat, '2K_Ratings'!C7, IF(bbgm_stat >= perc_95, converted_stat * 3, IF(bbgm_stat >= perc_90, converted_stat * 2, IF(bbgm_stat >= perc_85, converted_stat * 1.5, converted_stat)))))} | D7: {=IF($A7="", "", LET(bbgm_stat, INDEX(Players!$A6:$P6, MATCH(D$2, Players!$A$1:$P$1, 0)), perc_75, VLOOKUP(D$2, Percentiles!$A$45:$I$59, 6, FALSE), perc_90, VLOOKUP(D$2, Percentiles!$A$45:$I$59, 7, FALSE), perc_95, VLOOKUP(D$2, Percentiles!$A$45:$I$59, 8, FALSE), perc_85, perc_75 + (perc_90 - perc_75) * (2/3), converted_stat, '2K_Ratings'!D7, IF(bbgm_stat >= perc_95, converted_stat * 3, IF(bbgm_stat >= perc_90, converted_stat * 2, IF(bbgm_stat >= perc_85, converted_stat * 1.5, converted_stat)))))} | E7: {=IF($A7="", "", LET(bbgm_stat, INDEX(Players!$A6:$P6, MATCH(E$2, Players!$A$1:$P$1, 0)), perc_75, VLOOKUP(E$2, Percentiles!$A$45:$I$59, 6, FALSE), perc_90, VLOOKUP(E$2, Percentiles!$A$45:$I$59, 7, FALSE), perc_95, VLOOKUP(E$2, Percentiles!$A$45:$I$59, 8, FALSE), perc_85, perc_75 + (perc_90 - perc_75) * (2/3), converted_stat, '2K_Ratings'!E7, IF(bbgm_stat >= perc_95, converted_stat * 3, IF(bbgm_stat >= perc_90, converted_stat * 2, IF(bbgm_stat >= perc_85, converted_stat * 1.5, converted_stat)))))} | F7: {=IF($A7="", "", LET(bbgm_stat, INDEX(Players!$A6:$P6, MATCH(F$2, Players!$A$1:$P$1, 0)), perc_75, VLOOKUP(F$2, Percentiles!$A$45:$I$59, 6, FALSE), perc_90, VLOOKUP(F$2, Percentiles!$A$45:$I$59, 7, FALSE), perc_95, VLOOKUP(F$2, Percentiles!$A$45:$I$59, 8, FALSE), perc_85, perc_75 + (perc_90 - perc_75) * (2/3), converted_stat, '2K_Ratings'!F7, IF(bbgm_stat >= perc_95, converted_stat * 3, IF(bbgm_stat >= perc_90, converted_stat * 2, IF(bbgm_stat >= perc_85, converted_stat * 1.5, converted_stat)))))} | G7: {=IF($A7="", "", LET(bbgm_stat, INDEX(Players!$A6:$P6, MATCH(G$2, Players!$A$1:$P$1, 0)), perc_75, VLOOKUP(G$2, Percentiles!$A$45:$I$59, 6, FALSE), perc_90, VLOOKUP(G$2, Percentiles!$A$45:$I$59, 7, FALSE), perc_95, VLOOKUP(G$2, Percentiles!$A$45:$I$59, 8, FALSE), perc_85, perc_75 + (perc_90 - perc_75) * (2/3), converted_stat, '2K_Ratings'!G7, IF(bbgm_stat >= perc_95, converted_stat * 3, IF(bbgm_stat >= perc_90, converted_stat * 2, IF(bbgm_stat >= perc_85, converted_stat * 1.5, converted_stat)))))} | H7: {=IF($A7="", "", LET(bbgm_stat, INDEX(Players!$A6:$P6, MATCH(H$2, Players!$A$1:$P$1, 0)), perc_75, VLOOKUP(H$2, Percentiles!$A$45:$I$59, 6, FALSE), perc_90, VLOOKUP(H$2, Percentiles!$A$45:$I$59, 7, FALSE), perc_95, VLOOKUP(H$2, Percentiles!$A$45:$I$59, 8, FALSE), perc_85, perc_75 + (perc_90 - perc_75) * (2/3), converted_stat, '2K_Ratings'!H7, IF(bbgm_stat >= perc_95, converted_stat * 3, IF(bbgm_stat >= perc_90, converted_stat * 2, IF(bbgm_stat >= perc_85, converted_stat * 1.5, converted_stat)))))} | I7: {=IF($A7="", "", LET(bbgm_stat, INDEX(Players!$A6:$P6, MATCH(I$2, Players!$A$1:$P$1, 0)), perc_75, VLOOKUP(I$2, Percentiles!$A$45:$I$59, 6, FALSE), perc_90, VLOOKUP(I$2, Percentiles!$A$45:$I$59, 7, FALSE), perc_95, VLOOKUP(I$2, Percentiles!$A$45:$I$59, 8, FALSE), perc_85, perc_75 + (perc_90 - perc_75) * (2/3), converted_stat, '2K_Ratings'!I7, IF(bbgm_stat >= perc_95, converted_stat * 3, IF(bbgm_stat >= perc_90, converted_stat * 2, IF(bbgm_stat >= perc_85, converted_stat * 1.5, converted_stat)))))} | ... W7: {=IF($A7="", "", LET(bbgm_stat, INDEX(Players!$A6:$P6, MATCH(W$2, Players!$A$1:$P$1, 0)), perc_75, VLOOKUP(W$2, Percentiles!$A$45:$I$59, 6, FALSE), perc_90, VLOOKUP(W$2, Percentiles!$A$45:$I$59, 7, FALSE), perc_95, VLOOKUP(W$2, Percentiles!$A$45:$I$59, 8, FALSE), perc_85, perc_75 + (perc_90 - perc_75) * (2/3), converted_stat, '2K_Ratings'!W7, IF(bbgm_stat >= perc_95, converted_stat * 3, IF(bbgm_stat >= perc_90, converted_stat * 2, IF(bbgm_stat >= perc_85, converted_stat * 1.5, converted_stat)))))}
A8: =IF(Players!A7="", "", Players!A7) | B8: {=IF($A8="", "", LET(bbgm_stat, INDEX(Players!$A7:$P7, MATCH(B$2, Players!$A$1:$P$1, 0)), perc_75, VLOOKUP(B$2, Percentiles!$A$45:$I$59, 6, FALSE), perc_90, VLOOKUP(B$2, Percentiles!$A$45:$I$59, 7, FALSE), perc_95, VLOOKUP(B$2, Percentiles!$A$45:$I$59, 8, FALSE), perc_85, perc_75 + (perc_90 - perc_75) * (2/3), converted_stat, '2K_Ratings'!B8, IF(bbgm_stat >= perc_95, converted_stat * 3, IF(bbgm_stat >= perc_90, converted_stat * 2, IF(bbgm_stat >= perc_85, converted_stat * 1.5, converted_stat)))))} | C8: {=IF($A8="", "", LET(bbgm_stat, INDEX(Players!$A7:$P7, MATCH(C$2, Players!$A$1:$P$1, 0)), perc_75, VLOOKUP(C$2, Percentiles!$A$45:$I$59, 6, FALSE), perc_90, VLOOKUP(C$2, Percentiles!$A$45:$I$59, 7, FALSE), perc_95, VLOOKUP(C$2, Percentiles!$A$45:$I$59, 8, FALSE), perc_85, perc_75 + (perc_90 - perc_75) * (2/3), converted_stat, '2K_Ratings'!C8, IF(bbgm_stat >= perc_95, converted_stat * 3, IF(bbgm_stat >= perc_90, converted_stat * 2, IF(bbgm_stat >= perc_85, converted_stat * 1.5, converted_stat)))))} | D8: {=IF($A8="", "", LET(bbgm_stat, INDEX(Players!$A7:$P7, MATCH(D$2, Players!$A$1:$P$1, 0)), perc_75, VLOOKUP(D$2, Percentiles!$A$45:$I$59, 6, FALSE), perc_90, VLOOKUP(D$2, Percentiles!$A$45:$I$59, 7, FALSE), perc_95, VLOOKUP(D$2, Percentiles!$A$45:$I$59, 8, FALSE), perc_85, perc_75 + (perc_90 - perc_75) * (2/3), converted_stat, '2K_Ratings'!D8, IF(bbgm_stat >= perc_95, converted_stat * 3, IF(bbgm_stat >= perc_90, converted_stat * 2, IF(bbgm_stat >= perc_85, converted_stat * 1.5, converted_stat)))))} | E8: {=IF($A8="", "", LET(bbgm_stat, INDEX(Players!$A7:$P7, MATCH(E$2, Players!$A$1:$P$1, 0)), perc_75, VLOOKUP(E$2, Percentiles!$A$45:$I$59, 6, FALSE), perc_90, VLOOKUP(E$2, Percentiles!$A$45:$I$59, 7, FALSE), perc_95, VLOOKUP(E$2, Percentiles!$A$45:$I$59, 8, FALSE), perc_85, perc_75 + (perc_90 - perc_75) * (2/3), converted_stat, '2K_Ratings'!E8, IF(bbgm_stat >= perc_95, converted_stat * 3, IF(bbgm_stat >= perc_90, converted_stat * 2, IF(bbgm_stat >= perc_85, converted_stat * 1.5, converted_stat)))))} | F8: {=IF($A8="", "", LET(bbgm_stat, INDEX(Players!$A7:$P7, MATCH(F$2, Players!$A$1:$P$1, 0)), perc_75, VLOOKUP(F$2, Percentiles!$A$45:$I$59, 6, FALSE), perc_90, VLOOKUP(F$2, Percentiles!$A$45:$I$59, 7, FALSE), perc_95, VLOOKUP(F$2, Percentiles!$A$45:$I$59, 8, FALSE), perc_85, perc_75 + (perc_90 - perc_75) * (2/3), converted_stat, '2K_Ratings'!F8, IF(bbgm_stat >= perc_95, converted_stat * 3, IF(bbgm_stat >= perc_90, converted_stat * 2, IF(bbgm_stat >= perc_85, converted_stat * 1.5, converted_stat)))))} | G8: {=IF($A8="", "", LET(bbgm_stat, INDEX(Players!$A7:$P7, MATCH(G$2, Players!$A$1:$P$1, 0)), perc_75, VLOOKUP(G$2, Percentiles!$A$45:$I$59, 6, FALSE), perc_90, VLOOKUP(G$2, Percentiles!$A$45:$I$59, 7, FALSE), perc_95, VLOOKUP(G$2, Percentiles!$A$45:$I$59, 8, FALSE), perc_85, perc_75 + (perc_90 - perc_75) * (2/3), converted_stat, '2K_Ratings'!G8, IF(bbgm_stat >= perc_95, converted_stat * 3, IF(bbgm_stat >= perc_90, converted_stat * 2, IF(bbgm_stat >= perc_85, converted_stat * 1.5, converted_stat)))))} | H8: {=IF($A8="", "", LET(bbgm_stat, INDEX(Players!$A7:$P7, MATCH(H$2, Players!$A$1:$P$1, 0)), perc_75, VLOOKUP(H$2, Percentiles!$A$45:$I$59, 6, FALSE), perc_90, VLOOKUP(H$2, Percentiles!$A$45:$I$59, 7, FALSE), perc_95, VLOOKUP(H$2, Percentiles!$A$45:$I$59, 8, FALSE), perc_85, perc_75 + (perc_90 - perc_75) * (2/3), converted_stat, '2K_Ratings'!H8, IF(bbgm_stat >= perc_95, converted_stat * 3, IF(bbgm_stat >= perc_90, converted_stat * 2, IF(bbgm_stat >= perc_85, converted_stat * 1.5, converted_stat)))))} | I8: {=IF($A8="", "", LET(bbgm_stat, INDEX(Players!$A7:$P7, MATCH(I$2, Players!$A$1:$P$1, 0)), perc_75, VLOOKUP(I$2, Percentiles!$A$45:$I$59, 6, FALSE), perc_90, VLOOKUP(I$2, Percentiles!$A$45:$I$59, 7, FALSE), perc_95, VLOOKUP(I$2, Percentiles!$A$45:$I$59, 8, FALSE), perc_85, perc_75 + (perc_90 - perc_75) * (2/3), converted_stat, '2K_Ratings'!I8, IF(bbgm_stat >= perc_95, converted_stat * 3, IF(bbgm_stat >= perc_90, converted_stat * 2, IF(bbgm_stat >= perc_85, converted_stat * 1.5, converted_stat)))))} | ... W8: {=IF($A8="", "", LET(bbgm_stat, INDEX(Players!$A7:$P7, MATCH(W$2, Players!$A$1:$P$1, 0)), perc_75, VLOOKUP(W$2, Percentiles!$A$45:$I$59, 6, FALSE), perc_90, VLOOKUP(W$2, Percentiles!$A$45:$I$59, 7, FALSE), perc_95, VLOOKUP(W$2, Percentiles!$A$45:$I$59, 8, FALSE), perc_85, perc_75 + (perc_90 - perc_75) * (2/3), converted_stat, '2K_Ratings'!W8, IF(bbgm_stat >= perc_95, converted_stat * 3, IF(bbgm_stat >= perc_90, converted_stat * 2, IF(bbgm_stat >= perc_85, converted_stat * 1.5, converted_stat)))))}
A9: =IF(Players!A8="", "", Players!A8) | B9: {=IF($A9="", "", LET(bbgm_stat, INDEX(Players!$A8:$P8, MATCH(B$2, Players!$A$1:$P$1, 0)), perc_75, VLOOKUP(B$2, Percentiles!$A$45:$I$59, 6, FALSE), perc_90, VLOOKUP(B$2, Percentiles!$A$45:$I$59, 7, FALSE), perc_95, VLOOKUP(B$2, Percentiles!$A$45:$I$59, 8, FALSE), perc_85, perc_75 + (perc_90 - perc_75) * (2/3), converted_stat, '2K_Ratings'!B9, IF(bbgm_stat >= perc_95, converted_stat * 3, IF(bbgm_stat >= perc_90, converted_stat * 2, IF(bbgm_stat >= perc_85, converted_stat * 1.5, converted_stat)))))} | C9: {=IF($A9="", "", LET(bbgm_stat, INDEX(Players!$A8:$P8, MATCH(C$2, Players!$A$1:$P$1, 0)), perc_75, VLOOKUP(C$2, Percentiles!$A$45:$I$59, 6, FALSE), perc_90, VLOOKUP(C$2, Percentiles!$A$45:$I$59, 7, FALSE), perc_95, VLOOKUP(C$2, Percentiles!$A$45:$I$59, 8, FALSE), perc_85, perc_75 + (perc_90 - perc_75) * (2/3), converted_stat, '2K_Ratings'!C9, IF(bbgm_stat >= perc_95, converted_stat * 3, IF(bbgm_stat >= perc_90, converted_stat * 2, IF(bbgm_stat >= perc_85, converted_stat * 1.5, converted_stat)))))} | D9: {=IF($A9="", "", LET(bbgm_stat, INDEX(Players!$A8:$P8, MATCH(D$2, Players!$A$1:$P$1, 0)), perc_75, VLOOKUP(D$2, Percentiles!$A$45:$I$59, 6, FALSE), perc_90, VLOOKUP(D$2, Percentiles!$A$45:$I$59, 7, FALSE), perc_95, VLOOKUP(D$2, Percentiles!$A$45:$I$59, 8, FALSE), perc_85, perc_75 + (perc_90 - perc_75) * (2/3), converted_stat, '2K_Ratings'!D9, IF(bbgm_stat >= perc_95, converted_stat * 3, IF(bbgm_stat >= perc_90, converted_stat * 2, IF(bbgm_stat >= perc_85, converted_stat * 1.5, converted_stat)))))} | E9: {=IF($A9="", "", LET(bbgm_stat, INDEX(Players!$A8:$P8, MATCH(E$2, Players!$A$1:$P$1, 0)), perc_75, VLOOKUP(E$2, Percentiles!$A$45:$I$59, 6, FALSE), perc_90, VLOOKUP(E$2, Percentiles!$A$45:$I$59, 7, FALSE), perc_95, VLOOKUP(E$2, Percentiles!$A$45:$I$59, 8, FALSE), perc_85, perc_75 + (perc_90 - perc_75) * (2/3), converted_stat, '2K_Ratings'!E9, IF(bbgm_stat >= perc_95, converted_stat * 3, IF(bbgm_stat >= perc_90, converted_stat * 2, IF(bbgm_stat >= perc_85, converted_stat * 1.5, converted_stat)))))} | F9: {=IF($A9="", "", LET(bbgm_stat, INDEX(Players!$A8:$P8, MATCH(F$2, Players!$A$1:$P$1, 0)), perc_75, VLOOKUP(F$2, Percentiles!$A$45:$I$59, 6, FALSE), perc_90, VLOOKUP(F$2, Percentiles!$A$45:$I$59, 7, FALSE), perc_95, VLOOKUP(F$2, Percentiles!$A$45:$I$59, 8, FALSE), perc_85, perc_75 + (perc_90 - perc_75) * (2/3), converted_stat, '2K_Ratings'!F9, IF(bbgm_stat >= perc_95, converted_stat * 3, IF(bbgm_stat >= perc_90, converted_stat * 2, IF(bbgm_stat >= perc_85, converted_stat * 1.5, converted_stat)))))} | G9: {=IF($A9="", "", LET(bbgm_stat, INDEX(Players!$A8:$P8, MATCH(G$2, Players!$A$1:$P$1, 0)), perc_75, VLOOKUP(G$2, Percentiles!$A$45:$I$59, 6, FALSE), perc_90, VLOOKUP(G$2, Percentiles!$A$45:$I$59, 7, FALSE), perc_95, VLOOKUP(G$2, Percentiles!$A$45:$I$59, 8, FALSE), perc_85, perc_75 + (perc_90 - perc_75) * (2/3), converted_stat, '2K_Ratings'!G9, IF(bbgm_stat >= perc_95, converted_stat * 3, IF(bbgm_stat >= perc_90, converted_stat * 2, IF(bbgm_stat >= perc_85, converted_stat * 1.5, converted_stat)))))} | H9: {=IF($A9="", "", LET(bbgm_stat, INDEX(Players!$A8:$P8, MATCH(H$2, Players!$A$1:$P$1, 0)), perc_75, VLOOKUP(H$2, Percentiles!$A$45:$I$59, 6, FALSE), perc_90, VLOOKUP(H$2, Percentiles!$A$45:$I$59, 7, FALSE), perc_95, VLOOKUP(H$2, Percentiles!$A$45:$I$59, 8, FALSE), perc_85, perc_75 + (perc_90 - perc_75) * (2/3), converted_stat, '2K_Ratings'!H9, IF(bbgm_stat >= perc_95, converted_stat * 3, IF(bbgm_stat >= perc_90, converted_stat * 2, IF(bbgm_stat >= perc_85, converted_stat * 1.5, converted_stat)))))} | I9: {=IF($A9="", "", LET(bbgm_stat, INDEX(Players!$A8:$P8, MATCH(I$2, Players!$A$1:$P$1, 0)), perc_75, VLOOKUP(I$2, Percentiles!$A$45:$I$59, 6, FALSE), perc_90, VLOOKUP(I$2, Percentiles!$A$45:$I$59, 7, FALSE), perc_95, VLOOKUP(I$2, Percentiles!$A$45:$I$59, 8, FALSE), perc_85, perc_75 + (perc_90 - perc_75) * (2/3), converted_stat, '2K_Ratings'!I9, IF(bbgm_stat >= perc_95, converted_stat * 3, IF(bbgm_stat >= perc_90, converted_stat * 2, IF(bbgm_stat >= perc_85, converted_stat * 1.5, converted_stat)))))} | ... W9: {=IF($A9="", "", LET(bbgm_stat, INDEX(Players!$A8:$P8, MATCH(W$2, Players!$A$1:$P$1, 0)), perc_75, VLOOKUP(W$2, Percentiles!$A$45:$I$59, 6, FALSE), perc_90, VLOOKUP(W$2, Percentiles!$A$45:$I$59, 7, FALSE), perc_95, VLOOKUP(W$2, Percentiles!$A$45:$I$59, 8, FALSE), perc_85, perc_75 + (perc_90 - perc_75) * (2/3), converted_stat, '2K_Ratings'!W9, IF(bbgm_stat >= perc_95, converted_stat * 3, IF(bbgm_stat >= perc_90, converted_stat * 2, IF(bbgm_stat >= perc_85, converted_stat * 1.5, converted_stat)))))}
A10: =IF(Players!A9="", "", Players!A9) | B10: {=IF($A10="", "", LET(bbgm_stat, INDEX(Players!$A9:$P9, MATCH(B$2, Players!$A$1:$P$1, 0)), perc_75, VLOOKUP(B$2, Percentiles!$A$45:$I$59, 6, FALSE), perc_90, VLOOKUP(B$2, Percentiles!$A$45:$I$59, 7, FALSE), perc_95, VLOOKUP(B$2, Percentiles!$A$45:$I$59, 8, FALSE), perc_85, perc_75 + (perc_90 - perc_75) * (2/3), converted_stat, '2K_Ratings'!B10, IF(bbgm_stat >= perc_95, converted_stat * 3, IF(bbgm_stat >= perc_90, converted_stat * 2, IF(bbgm_stat >= perc_85, converted_stat * 1.5, converted_stat)))))} | C10: {=IF($A10="", "", LET(bbgm_stat, INDEX(Players!$A9:$P9, MATCH(C$2, Players!$A$1:$P$1, 0)), perc_75, VLOOKUP(C$2, Percentiles!$A$45:$I$59, 6, FALSE), perc_90, VLOOKUP(C$2, Percentiles!$A$45:$I$59, 7, FALSE), perc_95, VLOOKUP(C$2, Percentiles!$A$45:$I$59, 8, FALSE), perc_85, perc_75 + (perc_90 - perc_75) * (2/3), converted_stat, '2K_Ratings'!C10, IF(bbgm_stat >= perc_95, converted_stat * 3, IF(bbgm_stat >= perc_90, converted_stat * 2, IF(bbgm_stat >= perc_85, converted_stat * 1.5, converted_stat)))))} | D10: {=IF($A10="", "", LET(bbgm_stat, INDEX(Players!$A9:$P9, MATCH(D$2, Players!$A$1:$P$1, 0)), perc_75, VLOOKUP(D$2, Percentiles!$A$45:$I$59, 6, FALSE), perc_90, VLOOKUP(D$2, Percentiles!$A$45:$I$59, 7, FALSE), perc_95, VLOOKUP(D$2, Percentiles!$A$45:$I$59, 8, FALSE), perc_85, perc_75 + (perc_90 - perc_75) * (2/3), converted_stat, '2K_Ratings'!D10, IF(bbgm_stat >= perc_95, converted_stat * 3, IF(bbgm_stat >= perc_90, converted_stat * 2, IF(bbgm_stat >= perc_85, converted_stat * 1.5, converted_stat)))))} | E10: {=IF($A10="", "", LET(bbgm_stat, INDEX(Players!$A9:$P9, MATCH(E$2, Players!$A$1:$P$1, 0)), perc_75, VLOOKUP(E$2, Percentiles!$A$45:$I$59, 6, FALSE), perc_90, VLOOKUP(E$2, Percentiles!$A$45:$I$59, 7, FALSE), perc_95, VLOOKUP(E$2, Percentiles!$A$45:$I$59, 8, FALSE), perc_85, perc_75 + (perc_90 - perc_75) * (2/3), converted_stat, '2K_Ratings'!E10, IF(bbgm_stat >= perc_95, converted_stat * 3, IF(bbgm_stat >= perc_90, converted_stat * 2, IF(bbgm_stat >= perc_85, converted_stat * 1.5, converted_stat)))))} | F10: {=IF($A10="", "", LET(bbgm_stat, INDEX(Players!$A9:$P9, MATCH(F$2, Players!$A$1:$P$1, 0)), perc_75, VLOOKUP(F$2, Percentiles!$A$45:$I$59, 6, FALSE), perc_90, VLOOKUP(F$2, Percentiles!$A$45:$I$59, 7, FALSE), perc_95, VLOOKUP(F$2, Percentiles!$A$45:$I$59, 8, FALSE), perc_85, perc_75 + (perc_90 - perc_75) * (2/3), converted_stat, '2K_Ratings'!F10, IF(bbgm_stat >= perc_95, converted_stat * 3, IF(bbgm_stat >= perc_90, converted_stat * 2, IF(bbgm_stat >= perc_85, converted_stat * 1.5, converted_stat)))))} | G10: {=IF($A10="", "", LET(bbgm_stat, INDEX(Players!$A9:$P9, MATCH(G$2, Players!$A$1:$P$1, 0)), perc_75, VLOOKUP(G$2, Percentiles!$A$45:$I$59, 6, FALSE), perc_90, VLOOKUP(G$2, Percentiles!$A$45:$I$59, 7, FALSE), perc_95, VLOOKUP(G$2, Percentiles!$A$45:$I$59, 8, FALSE), perc_85, perc_75 + (perc_90 - perc_75) * (2/3), converted_stat, '2K_Ratings'!G10, IF(bbgm_stat >= perc_95, converted_stat * 3, IF(bbgm_stat >= perc_90, converted_stat * 2, IF(bbgm_stat >= perc_85, converted_stat * 1.5, converted_stat)))))} | H10: {=IF($A10="", "", LET(bbgm_stat, INDEX(Players!$A9:$P9, MATCH(H$2, Players!$A$1:$P$1, 0)), perc_75, VLOOKUP(H$2, Percentiles!$A$45:$I$59, 6, FALSE), perc_90, VLOOKUP(H$2, Percentiles!$A$45:$I$59, 7, FALSE), perc_95, VLOOKUP(H$2, Percentiles!$A$45:$I$59, 8, FALSE), perc_85, perc_75 + (perc_90 - perc_75) * (2/3), converted_stat, '2K_Ratings'!H10, IF(bbgm_stat >= perc_95, converted_stat * 3, IF(bbgm_stat >= perc_90, converted_stat * 2, IF(bbgm_stat >= perc_85, converted_stat * 1.5, converted_stat)))))} | I10: {=IF($A10="", "", LET(bbgm_stat, INDEX(Players!$A9:$P9, MATCH(I$2, Players!$A$1:$P$1, 0)), perc_75, VLOOKUP(I$2, Percentiles!$A$45:$I$59, 6, FALSE), perc_90, VLOOKUP(I$2, Percentiles!$A$45:$I$59, 7, FALSE), perc_95, VLOOKUP(I$2, Percentiles!$A$45:$I$59, 8, FALSE), perc_85, perc_75 + (perc_90 - perc_75) * (2/3), converted_stat, '2K_Ratings'!I10, IF(bbgm_stat >= perc_95, converted_stat * 3, IF(bbgm_stat >= perc_90, converted_stat * 2, IF(bbgm_stat >= perc_85, converted_stat * 1.5, converted_stat)))))} | ... W10: {=IF($A10="", "", LET(bbgm_stat, INDEX(Players!$A9:$P9, MATCH(W$2, Players!$A$1:$P$1, 0)), perc_75, VLOOKUP(W$2, Percentiles!$A$45:$I$59, 6, FALSE), perc_90, VLOOKUP(W$2, Percentiles!$A$45:$I$59, 7, FALSE), perc_95, VLOOKUP(W$2, Percentiles!$A$45:$I$59, 8, FALSE), perc_85, perc_75 + (perc_90 - perc_75) * (2/3), converted_stat, '2K_Ratings'!W10, IF(bbgm_stat >= perc_95, converted_stat * 3, IF(bbgm_stat >= perc_90, converted_stat * 2, IF(bbgm_stat >= perc_85, converted_stat * 1.5, converted_stat)))))}
A11: =IF(Players!A10="", "", Players!A10) | B11: {=IF($A11="", "", LET(bbgm_stat, INDEX(Players!$A10:$P10, MATCH(B$2, Players!$A$1:$P$1, 0)), perc_75, VLOOKUP(B$2, Percentiles!$A$45:$I$59, 6, FALSE), perc_90, VLOOKUP(B$2, Percentiles!$A$45:$I$59, 7, FALSE), perc_95, VLOOKUP(B$2, Percentiles!$A$45:$I$59, 8, FALSE), perc_85, perc_75 + (perc_90 - perc_75) * (2/3), converted_stat, '2K_Ratings'!B11, IF(bbgm_stat >= perc_95, converted_stat * 3, IF(bbgm_stat >= perc_90, converted_stat * 2, IF(bbgm_stat >= perc_85, converted_stat * 1.5, converted_stat)))))} | C11: {=IF($A11="", "", LET(bbgm_stat, INDEX(Players!$A10:$P10, MATCH(C$2, Players!$A$1:$P$1, 0)), perc_75, VLOOKUP(C$2, Percentiles!$A$45:$I$59, 6, FALSE), perc_90, VLOOKUP(C$2, Percentiles!$A$45:$I$59, 7, FALSE), perc_95, VLOOKUP(C$2, Percentiles!$A$45:$I$59, 8, FALSE), perc_85, perc_75 + (perc_90 - perc_75) * (2/3), converted_stat, '2K_Ratings'!C11, IF(bbgm_stat >= perc_95, converted_stat * 3, IF(bbgm_stat >= perc_90, converted_stat * 2, IF(bbgm_stat >= perc_85, converted_stat * 1.5, converted_stat)))))} | D11: {=IF($A11="", "", LET(bbgm_stat, INDEX(Players!$A10:$P10, MATCH(D$2, Players!$A$1:$P$1, 0)), perc_75, VLOOKUP(D$2, Percentiles!$A$45:$I$59, 6, FALSE), perc_90, VLOOKUP(D$2, Percentiles!$A$45:$I$59, 7, FALSE), perc_95, VLOOKUP(D$2, Percentiles!$A$45:$I$59, 8, FALSE), perc_85, perc_75 + (perc_90 - perc_75) * (2/3), converted_stat, '2K_Ratings'!D11, IF(bbgm_stat >= perc_95, converted_stat * 3, IF(bbgm_stat >= perc_90, converted_stat * 2, IF(bbgm_stat >= perc_85, converted_stat * 1.5, converted_stat)))))} | E11: {=IF($A11="", "", LET(bbgm_stat, INDEX(Players!$A10:$P10, MATCH(E$2, Players!$A$1:$P$1, 0)), perc_75, VLOOKUP(E$2, Percentiles!$A$45:$I$59, 6, FALSE), perc_90, VLOOKUP(E$2, Percentiles!$A$45:$I$59, 7, FALSE), perc_95, VLOOKUP(E$2, Percentiles!$A$45:$I$59, 8, FALSE), perc_85, perc_75 + (perc_90 - perc_75) * (2/3), converted_stat, '2K_Ratings'!E11, IF(bbgm_stat >= perc_95, converted_stat * 3, IF(bbgm_stat >= perc_90, converted_stat * 2, IF(bbgm_stat >= perc_85, converted_stat * 1.5, converted_stat)))))} | F11: {=IF($A11="", "", LET(bbgm_stat, INDEX(Players!$A10:$P10, MATCH(F$2, Players!$A$1:$P$1, 0)), perc_75, VLOOKUP(F$2, Percentiles!$A$45:$I$59, 6, FALSE), perc_90, VLOOKUP(F$2, Percentiles!$A$45:$I$59, 7, FALSE), perc_95, VLOOKUP(F$2, Percentiles!$A$45:$I$59, 8, FALSE), perc_85, perc_75 + (perc_90 - perc_75) * (2/3), converted_stat, '2K_Ratings'!F11, IF(bbgm_stat >= perc_95, converted_stat * 3, IF(bbgm_stat >= perc_90, converted_stat * 2, IF(bbgm_stat >= perc_85, converted_stat * 1.5, converted_stat)))))} | G11: {=IF($A11="", "", LET(bbgm_stat, INDEX(Players!$A10:$P10, MATCH(G$2, Players!$A$1:$P$1, 0)), perc_75, VLOOKUP(G$2, Percentiles!$A$45:$I$59, 6, FALSE), perc_90, VLOOKUP(G$2, Percentiles!$A$45:$I$59, 7, FALSE), perc_95, VLOOKUP(G$2, Percentiles!$A$45:$I$59, 8, FALSE), perc_85, perc_75 + (perc_90 - perc_75) * (2/3), converted_stat, '2K_Ratings'!G11, IF(bbgm_stat >= perc_95, converted_stat * 3, IF(bbgm_stat >= perc_90, converted_stat * 2, IF(bbgm_stat >= perc_85, converted_stat * 1.5, converted_stat)))))} | H11: {=IF($A11="", "", LET(bbgm_stat, INDEX(Players!$A10:$P10, MATCH(H$2, Players!$A$1:$P$1, 0)), perc_75, VLOOKUP(H$2, Percentiles!$A$45:$I$59, 6, FALSE), perc_90, VLOOKUP(H$2, Percentiles!$A$45:$I$59, 7, FALSE), perc_95, VLOOKUP(H$2, Percentiles!$A$45:$I$59, 8, FALSE), perc_85, perc_75 + (perc_90 - perc_75) * (2/3), converted_stat, '2K_Ratings'!H11, IF(bbgm_stat >= perc_95, converted_stat * 3, IF(bbgm_stat >= perc_90, converted_stat * 2, IF(bbgm_stat >= perc_85, converted_stat * 1.5, converted_stat)))))} | I11: {=IF($A11="", "", LET(bbgm_stat, INDEX(Players!$A10:$P10, MATCH(I$2, Players!$A$1:$P$1, 0)), perc_75, VLOOKUP(I$2, Percentiles!$A$45:$I$59, 6, FALSE), perc_90, VLOOKUP(I$2, Percentiles!$A$45:$I$59, 7, FALSE), perc_95, VLOOKUP(I$2, Percentiles!$A$45:$I$59, 8, FALSE), perc_85, perc_75 + (perc_90 - perc_75) * (2/3), converted_stat, '2K_Ratings'!I11, IF(bbgm_stat >= perc_95, converted_stat * 3, IF(bbgm_stat >= perc_90, converted_stat * 2, IF(bbgm_stat >= perc_85, converted_stat * 1.5, converted_stat)))))} | ... W11: {=IF($A11="", "", LET(bbgm_stat, INDEX(Players!$A10:$P10, MATCH(W$2, Players!$A$1:$P$1, 0)), perc_75, VLOOKUP(W$2, Percentiles!$A$45:$I$59, 6, FALSE), perc_90, VLOOKUP(W$2, Percentiles!$A$45:$I$59, 7, FALSE), perc_95, VLOOKUP(W$2, Percentiles!$A$45:$I$59, 8, FALSE), perc_85, perc_75 + (perc_90 - perc_75) * (2/3), converted_stat, '2K_Ratings'!W11, IF(bbgm_stat >= perc_95, converted_stat * 3, IF(bbgm_stat >= perc_90, converted_stat * 2, IF(bbgm_stat >= perc_85, converted_stat * 1.5, converted_stat)))))}
